Variables,Innov,ConstCom,CreatCom,TimelyInf,SaveM_T,SaveM_L,TaskMgm,DeviceSt,Photo,Wellness,Athlete,Style,Price,iPhone,CompBuy,Health,Finc,Sales,Advt,Edu,Cons,Eng,Tech,Retail,SMB,FB_Insta,Twit,Snap,YouTube,Pod_radio,TV,NewsP,AmznP,Age,Female,Degree,Income
1,3,3,5,2,4,4,3,3,3,2,3,3,200,0,0,0,0,0,1,0,0,0,0,0,0,1,0,0,0,0,1,0,1,38,1,1,2
2,5,6,2,6,2,4,6,6,2,5,3,1,350,1,0,1,0,0,0,0,0,0,0,0,0,1,1,1,1,1,0,1,1,38,0,2,3
3,7,7,3,4,2,4,4,4,1,6,4,1,220,0,0,1,0,0,0,0,0,0,0,0,0,1,1,0,1,1,1,1,0,42,0,1,3
4,4,7,4,5,3,3,4,5,1,5,4,4,320,1,1,1,0,0,0,0,0,0,0,0,0,1,1,1,1,1,0,1,1,35,0,2,5
5,7,7,2,4,2,4,2,6,1,3,2,4,250,0,1,1,0,0,0,0,0,0,0,0,0,1,1,1,1,1,1,1,1,36,0,1,3
6,3,2,6,1,5,4,3,2,4,2,4,3,140,1,1,0,0,1,0,0,0,0,0,0,0,1,1,0,1,1,1,0,0,47,1,2,2
7,7,7,2,7,2,4,3,6,1,3,1,4,310,1,1,1,0,0,0,0,0,0,0,0,0,1,1,0,1,1,1,1,1,36,1,1,5
8,5,7,3,5,2,4,6,5,3,2,2,3,340,1,1,1,0,0,0,0,0,0,0,0,0,1,1,1,1,1,1,1,1,41,0,1,3
9,3,6,4,5,3,5,6,3,3,5,3,5,150,1,0,0,0,0,0,0,0,0,0,1,0,1,1,0,1,1,1,0,1,46,0,1,2
10,5,5,7,6,5,4,6,3,4,5,5,3,240,0,0,0,0,0,0,0,0,0,1,0,0,1,0,1,1,0,1,1,1,28,0,1,3
11,5,6,7,5,4,5,6,3,1,7,6,6,290,1,0,1,0,0,0,0,0,0,0,0,0,1,0,0,1,0,1,1,1,30,1,1,3
12,4,7,4,1,5,7,6,4,3,7,6,6,290,1,1,1,0,0,0,0,0,0,0,0,0,1,1,1,0,1,1,1,1,32,1,2,4
13,7,7,1,7,2,3,4,4,1,4,2,4,220,1,1,1,0,0,0,0,0,0,0,0,0,1,1,0,1,1,0,1,0,40,0,2,3
14,7,7,2,5,1,3,3,5,1,3,2,3,200,1,1,0,0,0,0,0,0,0,0,0,1,1,0,1,0,1,1,1,0,37,0,2,3
15,5,4,4,2,5,7,3,5,3,6,7,6,220,1,0,1,0,0,0,0,0,0,0,0,0,1,0,0,0,1,1,0,1,25,1,1,2
16,3,6,6,3,3,4,6,4,2,3,3,5,210,1,1,0,0,0,0,0,0,1,0,0,0,1,1,0,0,0,1,0,1,47,0,2,3
17,7,7,1,6,2,4,3,6,1,4,3,3,240,1,1,0,1,0,0,0,0,0,0,0,0,1,1,0,0,1,1,1,1,45,1,2,3
18,4,5,5,4,2,1,5,1,1,2,1,4,200,1,0,0,0,0,1,0,0,0,0,0,0,1,0,0,1,0,1,1,0,32,0,1,1
19,4,4,4,3,4,6,4,6,2,5,6,6,170,1,0,1,0,0,0,0,0,0,0,0,0,1,0,1,0,0,1,0,1,30,0,1,2
20,4,4,7,5,6,5,4,1,2,2,4,4,180,0,0,0,0,0,1,0,0,0,0,0,0,1,1,0,1,1,0,1,0,32,0,1,1
21,6,7,7,5,5,7,6,4,4,6,6,6,220,1,0,1,0,0,0,0,0,0,0,0,0,1,0,0,0,0,1,1,1,33,1,1,5
22,3,3,3,3,4,2,6,2,3,5,5,4,290,0,1,1,0,0,0,0,0,0,0,0,0,1,1,0,1,1,1,0,0,41,0,1,1
23,4,5,5,2,5,4,6,2,4,5,5,3,210,1,0,0,1,0,0,0,0,0,0,0,0,1,1,0,1,0,1,0,0,45,1,1,1
24,4,7,2,7,3,4,6,4,1,3,2,4,240,1,1,0,0,0,1,0,0,0,0,0,0,1,1,1,1,1,0,1,1,37,1,2,3
25,4,1,6,3,4,4,5,3,4,2,4,3,160,1,0,0,0,0,0,0,0,0,0,1,0,0,0,0,1,0,1,0,0,41,1,1,2
26,4,1,1,6,4,7,2,5,3,5,6,6,190,1,1,1,0,0,0,0,0,0,0,0,0,0,1,1,1,1,0,1,1,26,1,2,4
27,3,6,3,4,3,5,6,3,3,3,4,5,200,1,1,0,1,0,0,0,0,0,0,0,0,1,1,0,1,1,1,1,0,45,1,2,3
28,7,7,2,7,2,5,5,7,1,3,1,3,320,1,1,0,1,0,0,0,0,0,0,0,0,1,0,0,1,1,1,1,0,39,0,2,5
29,4,7,3,7,3,4,6,4,1,5,3,5,220,1,1,0,1,0,0,0,0,0,0,0,0,1,1,0,0,1,1,1,0,43,0,1,3
30,4,6,7,4,3,5,4,4,1,6,6,6,280,1,1,1,0,0,0,0,0,0,0,0,0,1,1,0,0,1,1,1,1,34,1,1,4
31,3,4,4,4,3,4,4,3,1,3,3,4,190,1,0,0,0,0,0,0,0,0,0,1,0,0,0,0,1,0,1,0,0,42,1,1,2
32,6,3,7,7,4,6,6,4,1,7,5,6,220,1,1,1,0,0,0,0,0,0,0,0,0,1,1,0,0,1,0,1,1,34,1,2,4
33,3,6,4,5,3,4,7,4,1,6,4,6,240,1,0,1,0,0,0,0,0,0,0,0,0,1,1,0,0,1,0,1,1,31,1,2,5
34,4,2,4,5,3,5,2,4,3,5,6,4,220,0,1,1,0,0,0,0,0,0,0,0,0,1,1,1,1,1,1,1,1,27,0,2,3
35,4,6,7,3,5,4,3,3,4,5,6,4,200,0,0,0,0,0,1,0,0,0,0,0,0,1,0,0,1,0,1,1,0,35,0,1,1
36,5,4,6,4,5,4,1,4,5,4,5,4,170,0,0,0,0,0,0,0,0,1,0,0,0,1,0,0,1,0,1,0,0,40,1,2,4
37,7,6,2,7,3,3,5,4,3,2,2,3,180,1,1,0,1,0,0,0,0,0,0,0,0,1,1,1,1,1,1,1,1,44,0,1,5
38,4,6,7,7,5,6,4,3,3,6,6,6,170,1,0,1,0,0,0,0,0,0,0,0,0,1,0,0,0,0,1,0,0,25,0,2,2
39,5,6,3,7,2,4,3,7,2,5,3,3,340,1,1,0,1,0,0,0,0,0,0,0,0,1,1,0,1,1,0,1,0,35,1,1,3
40,1,4,3,5,3,3,5,4,3,2,1,4,190,1,1,0,0,0,1,0,0,0,0,0,0,1,0,0,1,1,1,0,0,40,1,2,2
41,4,7,3,7,2,4,5,6,1,5,3,3,200,1,1,0,1,0,0,0,0,0,0,0,0,1,1,0,1,1,1,1,0,36,0,1,4
42,2,3,4,2,3,2,3,1,4,2,3,3,220,0,0,0,0,0,0,0,0,0,1,0,0,1,1,0,1,1,0,1,0,32,1,1,3
43,5,6,4,7,3,5,3,3,1,6,5,6,250,1,0,1,0,0,0,0,0,0,0,0,0,1,0,1,0,1,0,1,1,34,1,2,3
44,7,7,3,5,2,4,4,4,1,6,4,4,210,1,1,0,1,0,0,0,0,0,0,0,0,1,1,0,1,1,1,1,1,40,1,1,3
45,4,7,3,7,5,5,5,4,1,7,3,6,200,1,0,1,0,0,0,0,0,0,0,0,0,1,0,0,0,1,0,1,1,35,1,2,5
46,5,5,6,5,3,3,4,3,6,4,4,5,180,0,1,0,0,0,1,0,0,0,0,0,0,1,0,0,0,0,1,0,0,34,1,1,3
47,5,5,4,5,7,6,4,2,1,5,5,4,210,1,0,0,0,0,1,0,0,0,0,0,0,1,1,1,1,1,1,1,0,33,1,1,3
48,6,7,4,7,3,4,5,5,2,6,4,3,230,1,1,0,1,0,0,0,0,0,0,0,0,1,1,1,1,1,0,1,1,43,0,1,4
49,3,1,4,1,7,2,3,1,5,2,3,4,150,1,0,0,0,0,0,0,0,0,0,1,0,1,0,0,1,1,1,0,0,41,1,1,3
50,3,5,5,4,1,3,6,2,3,5,5,4,120,0,0,0,0,0,0,0,0,0,1,0,0,1,1,0,1,1,0,1,0,36,1,1,1
51,7,6,3,7,1,4,4,5,1,5,2,3,180,1,1,0,1,0,0,0,0,0,0,0,0,0,0,0,0,1,1,1,0,38,0,2,5
52,5,5,7,5,5,5,6,3,4,6,5,5,210,0,0,0,0,0,1,0,0,0,0,0,0,1,0,1,1,0,1,1,1,25,0,1,2
53,4,5,4,7,6,7,3,6,3,5,6,4,150,0,0,1,0,0,0,0,0,0,0,0,0,1,0,1,1,0,1,1,0,24,1,2,2
54,4,7,1,5,2,3,6,4,1,1,1,3,230,1,1,0,1,0,0,0,0,0,0,0,0,1,1,1,1,1,0,1,1,40,1,2,3
55,2,6,3,3,7,5,6,3,2,6,3,4,140,1,0,0,0,0,0,0,0,0,0,1,0,0,0,0,1,0,1,0,0,42,1,1,2
56,6,6,4,5,7,5,6,3,1,6,4,7,140,1,1,0,1,0,0,0,0,0,0,0,0,1,1,1,1,1,1,1,0,34,1,2,2
57,5,6,7,1,4,4,6,4,1,7,5,6,240,1,0,1,0,0,0,0,0,0,0,0,0,1,0,1,0,1,0,1,1,31,1,2,4
58,4,7,4,7,4,4,5,4,1,6,4,6,190,1,0,1,0,0,0,0,0,0,0,0,0,1,0,0,0,1,0,0,1,32,1,2,5
59,6,7,6,2,4,6,6,4,1,7,5,6,230,1,0,1,0,0,0,0,0,0,0,0,0,1,0,1,0,0,0,0,1,29,1,2,5
60,3,3,4,4,3,4,5,4,4,2,3,3,240,0,1,0,0,1,0,0,0,0,0,0,0,1,1,0,1,1,0,1,0,41,1,1,4
61,6,4,7,2,5,4,6,3,5,5,5,5,200,0,0,0,0,0,1,0,0,0,0,0,0,1,1,0,0,1,1,1,0,29,1,1,2
62,6,7,1,6,1,3,6,6,3,2,1,4,340,1,1,0,1,0,0,0,0,0,0,0,0,1,1,0,1,1,1,1,1,42,1,2,3
63,6,6,4,6,3,4,6,4,3,4,4,3,380,1,1,0,1,0,0,0,0,0,0,0,0,1,1,1,1,1,0,1,1,39,0,1,4
64,3,3,5,5,4,3,4,2,4,3,4,3,220,0,0,0,0,0,0,1,0,0,0,0,0,1,1,1,1,1,0,1,0,36,1,1,3
65,4,4,6,3,5,4,6,3,4,3,4,4,170,0,0,0,0,0,0,0,0,0,1,0,0,0,0,0,1,0,1,0,0,34,1,1,3
66,5,7,7,7,4,6,5,4,1,6,5,7,270,1,1,1,0,0,0,0,0,0,0,0,0,1,0,0,0,1,0,0,1,35,1,2,4
67,6,6,7,3,6,4,6,3,4,6,5,4,190,0,0,0,0,0,1,0,0,0,0,0,0,1,1,0,0,1,1,1,0,30,1,1,4
68,4,5,5,4,4,3,6,2,4,4,3,3,240,0,1,0,0,0,0,0,0,1,0,0,0,0,0,0,1,0,1,0,0,40,1,2,3
69,2,3,5,5,4,4,5,3,4,1,2,4,170,0,0,0,0,0,0,0,1,0,0,0,0,1,0,1,1,0,1,0,0,41,1,1,1
70,7,7,3,4,2,5,5,7,2,5,3,3,310,1,1,0,1,0,0,0,0,0,0,0,0,1,0,0,1,1,1,1,1,42,1,1,3
71,4,2,4,1,3,4,2,5,6,3,4,3,240,1,1,1,0,0,0,0,0,0,0,0,0,1,1,1,1,1,1,0,0,41,1,2,3
72,3,6,5,5,4,2,5,1,3,4,4,4,180,0,0,0,0,0,0,0,0,0,1,0,0,1,1,1,1,1,0,1,0,35,1,1,1
73,7,7,6,5,4,5,5,4,2,7,5,7,290,1,0,1,0,0,0,0,0,0,0,0,0,1,0,1,0,1,0,1,1,34,1,1,5
74,3,7,7,5,5,5,1,4,5,6,6,3,140,1,0,0,0,0,0,0,0,0,1,0,0,1,0,1,1,0,1,1,0,35,1,1,4
75,4,7,4,4,3,3,4,5,1,5,4,4,190,1,1,0,1,0,0,0,0,0,0,0,0,1,1,1,1,1,1,1,0,40,0,1,3
76,5,5,6,5,5,3,4,2,4,5,4,5,220,0,0,0,0,0,1,0,0,0,0,0,0,1,1,0,0,0,1,0,1,27,1,1,3
77,5,6,6,7,4,6,2,3,4,6,6,6,180,0,0,1,0,0,0,0,0,0,0,0,0,0,1,1,0,0,1,0,0,25,1,2,3
78,4,4,5,3,4,4,1,4,5,3,3,3,170,1,0,0,0,0,0,1,0,0,0,0,0,1,1,0,1,1,0,1,1,37,1,1,3
79,3,4,5,5,4,4,5,3,3,2,2,3,200,1,0,0,0,0,0,0,1,0,0,0,0,1,0,0,1,0,1,0,1,40,1,1,4
80,3,5,4,5,5,6,2,4,2,5,7,4,160,0,0,1,0,0,0,0,0,0,0,0,0,1,1,1,0,1,1,1,0,24,1,2,3
81,4,4,4,4,5,6,3,5,4,6,7,6,180,0,0,1,0,0,0,0,0,0,0,0,0,1,0,1,1,1,1,1,0,25,1,2,4
82,5,3,6,2,5,3,4,2,6,5,5,5,220,1,0,0,0,0,1,0,0,0,0,0,0,1,1,0,0,0,1,0,0,25,1,1,3
83,5,5,5,5,4,3,5,3,5,4,4,5,190,0,0,0,0,1,0,0,0,0,0,0,0,1,1,1,1,1,1,1,0,33,1,1,4
84,3,7,7,6,5,7,7,4,2,7,5,7,240,1,0,1,0,0,0,0,0,0,0,0,0,1,0,0,1,1,0,1,1,27,1,1,4
85,4,4,6,4,5,4,2,1,3,4,4,4,140,0,0,0,0,0,0,0,0,0,1,0,0,1,0,0,1,0,1,0,0,35,1,1,4
86,7,6,3,6,2,3,4,4,1,5,3,4,240,1,1,0,1,0,0,0,0,0,0,0,0,1,1,0,1,1,1,1,1,40,1,1,4
87,4,5,4,4,3,2,6,2,5,3,2,3,150,0,0,0,0,0,0,0,1,0,0,0,0,1,1,0,1,1,1,0,1,44,1,1,1
88,3,4,1,3,4,5,3,1,2,4,4,4,240,0,1,0,1,0,0,0,0,0,0,0,0,1,1,0,1,1,1,1,1,43,1,1,1
89,1,3,6,3,3,1,3,4,4,1,1,4,120,0,0,0,0,0,1,0,0,0,0,0,0,1,1,0,1,1,1,1,0,37,1,1,1
90,3,6,3,7,4,7,6,4,2,7,5,5,240,1,0,1,0,0,0,0,0,0,0,0,0,1,0,1,1,1,0,1,1,35,1,1,4
91,5,6,3,6,3,7,6,4,4,7,5,7,300,1,0,1,0,0,0,0,0,0,0,0,0,1,0,0,1,1,1,1,1,34,1,1,3
92,4,3,4,2,4,2,6,1,4,4,4,3,230,0,1,0,1,0,0,0,0,0,0,0,0,1,0,0,1,1,1,0,0,39,1,1,3
93,1,4,5,4,3,5,3,4,5,7,5,5,160,0,0,0,0,0,0,0,0,0,0,0,0,1,0,0,1,0,1,0,0,39,1,1,4
94,4,6,4,7,2,2,5,4,5,5,3,6,170,1,0,0,0,0,0,0,0,0,0,0,1,1,1,0,1,0,1,0,1,42,1,1,3
95,5,7,3,7,2,5,6,4,6,6,3,5,190,0,1,1,0,0,0,0,0,0,0,0,0,1,1,0,1,1,1,1,0,44,0,1,3
96,4,4,3,4,4,6,6,2,6,4,4,3,240,0,0,0,0,0,0,0,0,0,0,0,0,1,0,0,1,1,1,1,1,39,0,1,3
97,3,2,4,2,3,6,4,4,3,2,3,3,160,1,0,0,0,0,0,0,0,0,0,1,0,1,0,0,1,1,1,1,1,39,1,1,2
98,7,7,1,6,3,3,3,5,3,5,3,4,200,0,1,0,1,0,0,0,0,0,0,0,0,1,1,0,0,0,1,1,1,42,0,1,3
99,5,5,5,5,2,3,6,2,3,2,1,4,120,1,0,0,0,0,0,0,0,0,0,1,0,1,0,0,1,0,1,0,0,39,1,1,2
100,7,6,7,6,2,1,6,5,3,4,3,3,240,0,1,0,1,0,0,0,0,0,0,0,0,0,0,0,0,0,1,1,1,43,1,1,3
101,3,5,1,4,2,5,5,4,3,1,1,3,170,0,1,0,0,1,0,0,0,0,0,0,0,1,0,0,1,0,1,0,1,40,1,1,2
102,5,7,7,4,5,1,6,4,7,3,5,7,160,1,0,0,0,0,0,0,0,0,0,0,0,1,1,1,1,1,0,1,0,25,1,1,4
103,5,4,6,2,6,4,6,1,6,6,4,5,200,0,0,0,1,0,0,0,0,0,0,0,0,1,1,1,0,1,1,0,0,31,1,1,2
104,3,3,3,4,3,3,6,4,3,2,2,4,210,1,1,0,1,0,0,0,0,0,0,0,0,1,0,0,1,1,1,0,0,40,1,1,4
105,4,5,3,5,5,4,5,4,3,6,4,4,290,1,0,1,0,0,0,0,0,0,0,0,0,1,0,0,1,0,1,1,1,31,1,1,3
106,3,3,4,1,3,2,4,1,2,3,4,3,170,1,0,0,0,0,0,0,0,0,0,1,0,1,1,0,1,1,1,0,0,41,0,1,4
107,5,7,7,5,3,5,6,4,6,6,5,7,250,1,0,1,0,0,0,0,0,0,0,0,0,1,0,0,0,1,1,0,1,31,1,2,3
108,3,4,3,4,3,2,6,4,5,7,6,4,280,0,1,1,0,0,0,0,0,0,0,0,0,1,0,0,1,0,1,0,0,38,1,1,3
109,4,5,4,5,5,7,2,6,3,5,7,4,160,0,0,1,0,0,0,0,0,0,0,0,0,0,0,1,0,1,1,0,0,27,0,2,5
110,5,5,3,5,3,2,6,2,2,4,2,3,180,0,0,0,0,0,0,1,0,0,0,0,0,1,0,0,1,0,1,1,1,37,0,1,4
111,3,4,6,4,4,6,5,5,3,5,7,4,210,0,0,1,0,0,0,0,0,0,0,0,0,1,0,0,0,1,1,1,1,27,0,2,3
112,6,6,3,6,3,4,6,4,2,4,4,3,370,0,1,0,1,0,0,0,0,0,0,0,0,1,0,1,1,1,1,1,1,38,0,1,4
113,3,6,7,7,5,6,6,5,1,7,5,6,280,1,0,1,0,0,0,0,0,0,0,0,0,1,0,0,1,1,1,1,1,34,1,2,4
114,3,3,5,3,4,4,4,3,3,2,3,3,120,1,0,0,0,0,0,0,0,0,0,1,0,1,0,0,1,0,1,1,0,39,1,1,3
115,4,6,4,5,4,4,5,5,1,6,4,6,240,1,0,1,0,0,0,0,0,0,0,0,0,1,0,0,0,1,1,0,1,34,1,2,5
116,6,6,7,6,3,4,6,3,4,6,5,4,190,0,0,0,0,0,1,0,0,0,0,0,0,1,1,1,1,1,0,1,0,25,1,1,3
117,4,4,5,4,5,3,6,3,5,3,4,3,100,0,0,0,0,0,0,1,0,0,0,0,0,1,0,0,1,0,1,1,1,38,1,1,4
118,6,7,7,4,6,5,6,4,5,5,5,5,230,1,0,0,0,0,1,0,0,0,0,0,0,1,1,1,1,1,0,1,0,26,1,1,4
119,4,5,4,5,2,2,5,1,1,3,2,4,140,0,0,0,0,0,0,0,1,0,0,0,0,1,0,0,1,0,1,0,0,42,0,1,2
120,4,4,4,4,6,5,4,3,2,5,5,6,170,1,0,0,0,0,0,0,0,0,0,0,0,1,1,1,1,1,1,1,0,35,1,1,4
121,4,4,3,4,3,5,5,7,4,6,5,4,180,0,0,1,0,0,0,0,0,0,0,0,0,1,0,1,1,1,1,0,1,28,0,2,5
122,6,7,6,4,7,5,6,5,1,7,5,7,240,1,0,1,0,0,0,0,0,0,0,0,0,1,0,0,1,1,1,1,1,26,1,2,4
123,3,6,7,7,1,6,6,4,2,5,4,5,190,1,1,0,0,0,0,0,0,1,0,0,0,1,1,0,1,0,1,0,1,44,0,1,2
124,4,3,4,3,1,5,4,7,4,6,5,4,210,0,0,1,0,0,0,0,0,0,0,0,0,0,1,1,0,1,1,0,1,29,0,2,3
125,3,6,7,6,4,7,6,5,2,7,5,7,220,1,0,1,0,0,0,0,0,0,0,0,0,1,0,0,0,1,1,0,1,37,1,2,4
126,5,5,7,5,2,4,6,1,6,5,5,5,200,1,1,0,0,0,0,0,0,0,0,0,1,1,0,0,1,0,1,0,0,39,1,1,2
127,3,6,3,5,5,2,6,6,2,4,3,4,180,1,0,0,0,0,0,0,0,0,1,0,0,1,0,0,1,0,1,0,0,36,1,1,2
128,5,4,5,6,6,7,2,6,6,5,5,4,230,1,0,1,0,0,0,0,0,0,0,0,0,1,1,1,0,1,1,0,1,28,1,2,4
129,7,5,7,4,6,4,6,4,6,3,4,4,200,1,0,0,0,0,1,0,0,0,0,0,0,1,1,1,1,1,0,1,0,25,0,1,3
130,4,4,3,3,4,3,6,2,3,2,3,4,180,0,1,0,0,0,0,0,0,0,1,0,0,1,0,0,1,0,1,0,0,39,1,1,2
131,5,6,6,6,3,4,6,5,1,7,5,5,280,1,0,1,0,0,0,0,0,0,0,0,0,1,0,0,1,1,1,1,1,33,1,2,4
132,5,5,7,4,6,4,6,2,2,6,5,5,200,0,0,0,0,0,1,0,0,0,0,0,0,1,1,0,0,0,1,0,0,25,1,1,2
133,4,4,4,4,3,4,5,3,3,6,5,4,190,1,0,1,0,0,0,0,0,0,0,0,0,1,1,1,1,1,0,1,1,26,1,1,4
134,7,7,4,5,3,4,6,5,4,6,5,7,270,1,0,1,0,0,0,0,0,0,0,0,0,1,0,0,1,1,1,1,1,33,1,2,3
135,2,4,1,3,1,2,3,1,3,1,1,3,230,0,0,0,0,1,0,0,0,0,0,0,0,1,1,0,1,1,1,1,0,41,1,1,2
136,4,4,4,3,5,6,2,4,2,5,7,4,130,0,0,0,1,0,0,0,0,0,0,0,0,1,1,1,1,1,0,1,1,25,1,1,5
137,4,6,4,6,3,4,5,4,3,6,4,5,150,0,0,0,0,0,0,1,0,0,0,0,0,1,1,0,1,1,0,1,0,38,1,1,2
138,4,5,6,5,4,4,6,5,2,4,4,4,330,1,1,0,1,0,0,0,0,0,0,0,0,1,0,0,0,1,1,0,1,34,1,2,5
139,4,7,3,7,2,4,6,6,2,5,2,3,190,1,1,0,1,0,0,0,0,0,0,0,0,0,1,1,0,0,1,1,0,40,1,1,3
140,7,7,1,7,2,3,5,5,1,1,1,1,200,1,1,0,1,0,0,0,0,0,0,0,0,1,1,1,1,1,0,1,0,43,1,2,3
141,5,5,7,5,5,4,6,3,7,5,5,5,180,1,1,0,0,0,1,0,0,0,0,0,0,1,1,0,0,0,1,0,0,31,0,1,2
142,3,4,5,4,4,6,4,4,6,6,6,4,170,0,0,0,1,0,0,0,0,0,0,0,0,1,0,1,1,1,0,1,1,28,0,1,5
143,3,4,7,5,3,5,6,5,3,6,4,5,320,1,1,0,1,0,0,0,0,0,0,0,0,1,0,0,1,1,1,1,1,34,1,2,5
144,4,3,5,3,4,4,3,4,2,3,4,4,190,1,0,0,0,0,0,0,0,1,0,0,0,1,1,0,1,1,1,1,1,42,1,2,1
145,4,7,4,7,3,5,4,5,3,7,3,7,240,1,1,0,1,0,0,0,0,0,0,0,0,1,0,0,1,1,0,1,1,37,1,2,3
146,4,5,3,4,4,6,3,7,5,5,7,4,250,1,1,0,1,0,0,0,0,0,0,0,0,1,0,0,1,1,0,0,1,28,0,2,3
147,4,4,5,3,2,3,3,4,6,1,2,4,130,1,0,0,0,0,0,0,0,0,0,1,0,1,1,0,1,1,0,1,0,40,1,1,1
148,3,3,7,3,3,3,3,4,3,2,3,4,220,0,0,0,0,0,0,0,0,0,0,0,0,1,1,0,1,0,1,1,0,43,1,1,1
149,2,4,7,4,3,3,3,4,6,3,3,4,140,0,1,0,0,0,0,0,0,0,0,0,0,1,1,0,1,1,1,1,0,45,1,2,1
150,3,7,5,5,4,6,5,5,2,7,5,5,240,1,1,0,1,0,0,0,0,0,0,0,0,1,0,0,1,1,1,1,1,35,1,2,5
151,3,5,6,4,3,2,3,3,4,5,4,3,180,0,0,0,0,0,0,0,0,0,0,0,0,1,1,0,0,0,1,1,0,41,1,1,1
152,2,4,3,7,2,3,3,5,3,4,3,4,190,0,0,0,1,0,0,0,0,0,0,0,0,1,1,0,1,1,1,1,1,39,1,2,1
153,5,6,7,7,3,5,6,5,3,6,4,7,230,1,0,0,1,0,0,0,0,0,0,0,0,1,0,0,1,1,1,0,1,36,1,2,3
154,3,4,5,4,4,3,3,2,3,3,3,3,190,1,0,0,0,1,0,0,0,0,0,0,0,1,1,0,1,1,0,1,0,39,1,1,1
155,5,5,7,4,5,4,6,1,7,5,5,5,150,0,0,0,0,0,1,0,0,0,0,0,0,1,1,0,0,0,1,0,0,25,0,1,2
156,6,6,4,5,3,5,6,5,2,7,5,7,180,1,0,0,1,0,0,0,0,0,0,0,0,1,0,0,1,1,1,1,1,31,1,2,5
157,4,6,7,7,2,4,3,4,1,5,3,4,150,0,0,0,0,0,0,0,0,0,0,0,1,1,0,0,0,1,1,1,0,41,1,1,1
158,5,7,1,5,2,3,6,6,4,1,1,4,240,1,1,0,1,0,0,0,0,0,0,0,0,0,0,0,0,1,1,1,0,41,0,1,5
159,2,3,4,3,3,3,1,4,3,7,5,4,130,0,0,0,0,0,0,0,0,0,0,0,1,1,0,0,0,1,1,1,1,40,1,1,1
160,4,6,2,6,2,4,6,7,2,4,3,3,310,1,1,0,1,0,0,0,0,0,0,0,0,0,0,0,0,1,1,1,1,39,0,1,3
161,7,6,1,7,1,3,6,6,1,3,1,4,320,0,0,0,1,0,0,0,0,0,0,0,0,0,0,0,0,1,1,1,1,43,1,2,3
162,7,7,2,6,2,3,5,4,1,4,1,3,330,0,1,0,0,1,0,0,0,0,0,0,0,1,1,0,1,1,1,1,0,37,1,2,5
163,4,6,4,7,3,5,4,5,1,6,4,6,260,1,0,0,1,0,0,0,0,0,0,0,0,1,0,0,1,1,1,1,1,28,1,2,3
164,3,7,4,5,3,4,4,5,1,6,4,5,260,1,0,0,1,0,0,0,0,0,0,0,0,1,0,0,0,1,1,0,1,30,1,2,5
165,4,6,2,6,2,3,6,4,1,3,1,4,230,0,0,0,0,1,0,0,0,0,0,0,0,0,1,0,0,1,1,1,0,41,1,1,3
166,3,5,4,2,3,2,3,3,4,4,3,4,230,1,0,0,0,0,0,0,0,0,1,0,0,1,0,0,0,0,1,1,1,35,1,1,1
167,7,7,3,6,2,4,4,4,1,5,3,4,170,1,0,0,0,1,0,0,0,0,0,0,0,0,0,0,0,1,1,1,0,42,0,1,4
168,5,7,6,1,4,5,6,5,1,7,5,7,200,1,0,0,1,0,0,0,0,0,0,0,0,1,0,0,0,1,1,0,1,25,1,2,3
169,5,5,6,2,4,3,3,2,4,4,4,3,200,1,0,0,0,0,0,0,0,0,1,0,0,1,0,0,0,0,1,1,1,35,1,1,1
170,2,3,3,3,3,3,4,4,4,2,2,4,160,0,0,0,0,0,0,0,1,0,0,0,0,1,1,0,1,1,1,1,0,42,1,1,1
171,3,4,4,5,3,3,3,4,3,3,2,4,190,0,0,0,0,1,0,0,0,0,0,0,0,1,1,0,1,1,0,1,0,43,1,1,1
172,5,6,3,2,3,4,3,4,1,6,4,5,150,1,0,0,0,0,0,0,0,0,0,0,1,1,0,0,0,0,1,1,0,40,1,1,1
173,6,7,7,5,5,6,6,5,1,7,5,7,240,1,0,0,1,0,0,0,0,0,0,0,0,1,1,1,1,1,0,1,1,25,1,2,4
174,5,5,2,5,2,1,3,1,2,2,1,4,210,1,0,0,0,0,0,0,1,0,0,0,0,1,0,0,0,1,1,1,1,40,1,1,1
175,3,6,2,5,2,2,3,4,3,4,2,3,250,0,1,0,0,0,0,0,0,1,0,0,0,1,0,0,1,0,1,1,1,40,1,2,1
176,3,3,3,4,3,3,3,5,6,2,3,3,200,1,0,0,0,0,0,0,0,0,0,0,0,1,1,0,0,1,1,1,1,40,1,2,1
177,6,6,4,3,3,4,6,5,2,7,5,5,260,1,0,0,1,0,0,0,0,0,0,0,0,1,1,1,1,1,0,1,1,25,1,2,3
178,4,7,3,1,2,4,3,3,2,5,4,5,230,0,1,1,0,0,0,0,0,0,0,0,0,1,0,0,0,0,1,1,0,40,1,2,1
179,3,2,4,1,3,3,4,3,5,3,3,3,160,1,0,0,0,1,0,0,0,0,0,0,0,1,1,0,1,1,1,1,0,43,1,1,1
180,2,5,5,5,4,3,1,1,4,3,4,3,140,0,0,0,0,0,0,0,1,0,0,0,0,1,0,0,0,1,1,1,0,39,1,1,1
181,5,3,7,1,4,6,6,5,1,7,5,7,230,1,0,0,1,0,0,0,0,0,0,0,0,1,0,0,0,1,1,0,1,31,1,2,4
182,4,6,5,1,4,5,2,4,3,6,6,4,140,1,1,0,1,0,0,0,0,0,0,0,0,1,0,1,1,1,0,1,1,28,0,2,2
183,4,1,5,4,4,5,2,4,3,5,6,4,130,0,0,0,1,0,0,0,0,0,0,0,0,0,1,1,1,1,0,0,1,31,0,1,4
184,3,1,4,3,3,4,3,4,4,2,3,3,120,1,0,0,0,1,0,0,0,0,0,0,0,1,0,0,0,0,1,1,0,46,1,1,1
185,5,1,4,3,4,2,3,2,3,4,4,3,200,0,0,0,0,0,0,0,0,0,1,0,0,1,0,0,1,0,1,1,1,34,1,2,1
186,5,6,7,5,3,5,6,5,1,7,5,7,250,1,0,0,1,0,0,0,0,0,0,0,0,1,1,1,1,1,0,1,1,39,1,2,4
187,5,5,5,4,4,5,3,4,3,5,5,4,180,0,1,0,1,0,0,0,0,0,0,0,0,1,1,1,1,1,0,1,1,30,0,2,3
188,5,6,5,5,4,3,3,2,5,4,3,4,200,1,0,0,0,0,0,0,1,0,0,0,0,1,1,0,1,1,1,1,1,34,1,1,1
189,4,1,5,3,4,6,2,7,2,5,6,6,160,0,0,0,1,0,0,0,0,0,0,0,0,1,1,1,1,1,0,1,1,29,0,1,4
190,4,2,7,5,6,5,6,2,3,6,5,4,200,0,0,0,0,0,0,0,0,0,0,1,0,1,1,1,0,1,1,0,0,34,0,1,2
191,4,6,5,1,4,3,4,3,5,4,5,3,190,0,0,0,0,0,1,0,0,0,0,0,0,1,1,0,1,1,1,1,1,35,1,1,1
192,3,6,5,4,4,3,3,3,3,3,3,4,220,1,1,0,1,0,0,0,0,0,0,0,0,1,0,0,1,0,1,1,0,41,1,2,1
193,3,4,4,5,3,2,3,3,3,4,3,4,270,1,0,0,1,0,0,0,0,0,0,0,0,1,0,0,1,0,1,1,1,38,1,1,2
194,6,2,7,6,5,4,6,2,5,5,5,4,150,0,0,0,0,0,1,0,0,0,0,0,0,1,1,1,1,0,1,1,0,25,0,1,2
195,3,4,6,4,4,3,3,2,3,7,6,4,200,0,0,0,0,0,0,0,0,0,1,0,0,1,1,0,1,1,1,1,1,35,1,1,2
196,4,1,6,2,4,6,2,5,2,5,7,6,190,0,0,0,1,0,0,0,0,0,0,0,0,1,0,1,1,1,0,1,1,25,1,1,3
197,4,7,7,5,4,6,6,5,4,7,5,6,240,1,0,0,1,0,0,0,0,0,0,0,0,1,0,0,0,1,1,0,1,28,1,2,4
198,4,2,2,1,3,1,3,1,2,2,3,4,180,1,1,0,0,1,0,0,0,0,0,0,0,1,1,0,1,1,1,1,0,44,1,1,2
199,2,4,5,4,5,4,1,4,3,4,2,4,120,0,0,0,0,0,0,1,0,0,0,0,0,1,0,0,0,0,1,1,1,39,1,1,2
200,3,5,5,4,1,2,3,2,3,5,5,4,180,1,0,0,0,0,0,0,0,0,1,0,0,1,0,0,0,0,1,1,0,34,1,1,2
201,5,6,4,6,1,4,6,4,2,3,3,3,340,0,0,0,0,1,0,0,0,0,0,0,0,1,1,0,1,1,1,1,0,39,1,1,4
202,5,7,4,6,2,4,6,4,4,3,2,3,320,1,0,0,0,1,0,0,0,0,0,0,0,1,0,0,1,1,1,1,1,36,0,1,4
203,6,4,5,2,6,2,6,2,5,5,5,5,160,0,0,0,0,0,0,1,0,0,0,0,0,1,1,1,1,1,0,1,0,25,1,1,2
204,4,5,4,5,3,4,3,3,1,3,3,5,180,1,1,0,0,0,0,0,0,0,0,0,1,1,0,0,0,0,1,1,0,45,1,2,2
205,6,6,3,6,3,4,6,5,1,4,3,3,370,0,1,0,0,1,0,0,0,0,0,0,0,0,0,0,0,1,1,1,1,43,0,1,5
206,3,3,4,3,3,3,3,3,6,3,3,4,190,0,1,0,0,0,1,0,0,0,0,0,0,1,0,0,0,0,1,1,1,39,1,2,2
207,2,3,4,3,4,4,1,3,6,3,2,4,170,1,1,0,0,1,0,0,0,0,0,0,0,1,1,0,0,1,1,1,0,42,0,2,2
208,5,7,6,7,5,6,6,4,6,6,5,7,250,1,0,0,1,0,0,0,0,0,0,0,0,1,1,1,0,1,0,1,1,32,1,2,3
209,3,7,5,4,5,3,4,4,3,5,3,3,180,1,1,0,0,0,0,0,0,0,0,0,0,1,0,0,0,1,1,1,0,40,1,1,2
210,4,7,4,5,5,4,4,4,4,6,5,4,150,0,0,0,1,0,0,0,0,0,0,0,0,1,0,1,1,1,0,0,1,25,1,1,2
211,5,6,7,7,4,5,6,3,6,6,5,5,170,0,1,0,1,0,0,0,0,0,0,0,0,1,1,1,0,1,1,0,0,32,1,2,2
212,4,4,5,3,2,6,4,6,4,5,6,6,210,0,1,0,1,0,0,0,0,0,0,0,0,1,0,0,1,0,0,0,1,25,1,2,2
213,3,3,3,3,2,2,3,3,2,2,2,3,150,0,0,0,0,1,0,0,0,0,0,0,0,1,1,0,0,0,1,1,0,43,1,1,2
214,4,5,5,5,4,5,2,4,3,5,6,4,250,1,0,0,1,0,0,0,0,0,0,0,0,1,0,1,1,0,0,0,1,30,0,1,3
215,6,6,7,7,5,5,6,4,4,4,5,5,220,1,0,0,0,0,1,0,0,0,0,0,0,1,1,1,0,1,1,0,0,32,1,1,3
216,5,5,7,5,5,4,6,3,3,5,5,5,200,0,0,0,0,0,1,0,0,0,0,0,0,1,1,1,0,1,0,0,0,29,1,1,2
217,5,7,3,7,3,4,6,5,3,2,3,3,380,0,0,0,0,1,0,0,0,0,0,0,0,0,0,0,0,1,1,1,0,37,0,1,5
218,4,5,4,4,5,6,2,3,3,5,7,4,160,0,0,0,1,0,0,0,0,0,0,0,0,0,1,1,1,0,0,1,1,25,1,1,2
219,6,5,7,4,6,4,6,1,5,6,4,4,200,0,0,0,0,0,1,0,0,0,0,0,0,1,1,1,0,1,0,0,0,28,1,1,2
220,5,6,7,6,4,4,6,4,1,7,4,5,240,1,0,0,1,0,0,0,0,0,0,0,0,1,0,1,0,1,1,1,1,34,1,2,4
221,4,6,2,7,2,4,6,7,1,4,2,3,220,0,1,0,0,1,0,0,0,0,0,0,0,1,1,0,0,1,1,1,1,38,0,2,3
222,1,2,3,1,3,3,2,3,4,2,3,3,180,0,0,0,0,0,1,0,0,0,0,0,0,0,1,0,0,1,1,1,0,38,1,2,2
223,3,2,6,1,4,4,2,3,4,2,4,3,150,1,0,0,0,0,0,1,0,0,0,0,0,1,1,0,0,1,1,1,1,35,0,1,2
224,4,7,4,4,3,4,6,4,1,7,5,5,270,1,1,0,1,0,0,0,0,0,0,0,0,1,0,0,0,1,1,0,1,34,1,2,3
225,5,4,3,3,3,1,3,1,3,3,3,4,200,0,0,0,0,0,0,0,0,0,0,0,0,1,0,0,0,0,1,1,0,40,1,1,2
226,5,7,3,7,2,4,6,6,1,5,3,5,330,1,0,0,0,1,0,0,0,0,0,0,0,1,0,0,0,1,1,1,1,39,1,2,4
227,4,5,2,7,2,3,3,4,3,2,2,3,190,0,0,0,0,0,0,1,0,0,0,0,0,1,0,0,0,0,1,1,0,38,0,1,3
228,3,7,3,6,3,1,3,1,2,3,2,4,160,1,0,0,0,0,0,0,1,0,0,0,0,0,0,0,0,0,1,1,0,36,1,1,2
229,4,6,7,6,3,5,5,4,7,6,5,7,270,1,0,0,1,0,0,0,0,0,0,0,0,1,0,0,0,1,1,0,1,32,1,2,5
230,4,2,4,3,5,7,2,7,4,5,7,4,200,1,0,0,1,0,0,0,0,0,0,0,0,1,1,1,1,1,0,0,1,29,0,1,4
231,7,7,2,4,2,3,3,4,2,4,3,3,230,0,1,0,0,1,0,0,0,0,0,0,0,1,1,0,0,1,1,1,1,45,1,1,3
232,3,4,7,7,3,3,3,4,1,6,4,5,140,1,0,1,0,0,0,0,0,0,0,0,0,1,1,0,0,1,1,1,0,41,1,1,5
233,7,7,1,4,1,4,6,6,4,2,2,4,340,1,1,0,0,1,0,0,0,0,0,0,0,0,0,0,0,0,1,1,1,39,1,2,3
234,3,5,6,5,4,3,3,4,4,5,4,5,180,0,0,0,0,0,0,0,0,0,0,0,1,0,0,0,0,0,1,1,1,39,0,1,3
235,2,3,3,7,3,3,3,5,3,4,4,4,130,1,0,0,0,0,0,0,0,0,0,1,0,1,1,0,0,1,1,1,0,39,0,1,3
236,3,3,3,3,3,1,3,2,4,3,3,4,200,1,0,0,0,0,0,0,0,0,0,1,0,0,0,0,0,0,1,1,1,40,1,1,5
237,4,7,7,5,3,5,5,6,7,6,5,7,220,1,0,0,1,0,0,0,0,0,0,0,0,1,0,1,0,1,1,1,1,30,1,2,5
238,5,6,3,6,2,4,6,4,1,6,4,5,320,1,1,0,0,1,0,0,0,0,0,0,0,1,1,0,0,0,1,1,0,42,1,2,3
239,4,1,4,4,5,7,3,5,2,5,7,4,140,0,0,0,1,0,0,0,0,0,0,0,0,1,1,1,1,0,0,0,1,31,1,1,2
240,4,5,3,6,2,4,3,4,3,5,4,5,230,1,0,0,0,0,0,0,0,0,0,0,0,1,1,0,0,1,1,1,1,41,1,1,5
241,4,5,6,5,4,6,3,4,2,5,5,4,190,1,0,0,1,0,0,0,0,0,0,0,0,1,1,1,1,1,0,1,1,27,1,1,2
242,5,7,6,4,4,5,6,6,1,7,5,7,190,1,0,0,1,0,0,0,0,0,0,0,0,1,0,1,0,1,1,1,1,31,1,2,5
243,2,3,3,7,3,3,4,5,3,2,2,4,180,1,0,0,0,0,0,1,0,0,0,0,0,1,1,0,0,1,1,1,1,38,0,1,4
244,5,1,6,4,4,4,3,5,6,4,5,4,170,1,0,0,0,0,1,0,0,0,0,0,0,1,1,0,0,1,1,1,1,32,0,1,4
245,5,7,2,7,2,3,6,5,2,3,2,3,340,1,0,0,0,1,0,0,0,0,0,0,0,0,0,0,0,0,1,1,0,43,1,1,5
246,6,7,3,6,3,4,6,5,2,3,3,3,330,0,0,0,0,1,0,0,0,0,0,0,0,1,1,0,0,1,0,1,0,39,1,1,5
247,5,6,6,4,4,6,6,6,4,7,5,6,290,1,0,0,1,0,0,0,0,0,0,0,0,1,0,1,0,1,1,0,1,33,1,1,4
248,4,6,5,4,3,4,4,6,1,7,5,5,240,1,0,0,1,0,0,0,0,0,0,0,0,1,0,0,0,1,1,0,1,26,1,1,5
249,3,5,3,6,3,2,3,4,3,5,3,3,210,0,1,0,0,0,0,0,0,0,0,0,1,0,0,0,0,0,1,1,0,39,0,1,3
250,3,5,3,5,3,2,3,3,4,3,3,4,150,1,0,0,0,1,0,0,0,0,0,0,0,1,1,0,0,1,1,1,0,46,1,1,1
251,2,2,5,2,3,2,4,2,6,2,2,3,180,0,0,0,0,0,1,0,0,0,0,0,0,1,1,0,0,1,1,1,1,32,0,1,3
252,7,7,4,7,2,4,6,5,2,2,1,3,310,0,0,0,0,1,0,0,0,0,0,0,0,0,0,0,0,0,1,1,1,40,0,1,4
253,3,4,7,4,3,3,3,5,6,2,2,3,160,0,0,0,0,1,0,0,0,0,0,0,0,1,1,0,0,1,1,1,1,40,1,1,3
254,3,3,2,4,3,3,3,4,3,2,2,3,220,1,0,0,0,0,0,0,0,0,0,1,0,1,1,0,0,1,1,1,0,39,0,1,3
255,3,5,4,7,5,7,4,7,2,5,7,4,170,1,0,0,1,0,0,0,0,0,0,0,0,1,0,1,1,0,0,0,1,26,1,1,3
256,4,4,3,4,3,6,4,5,3,5,6,4,230,0,0,0,1,0,0,0,0,0,0,0,0,1,0,0,1,0,0,1,1,26,1,1,2
257,1,5,1,7,3,5,6,6,3,6,3,3,230,0,1,0,0,1,0,0,0,0,0,0,0,1,1,0,0,1,0,1,1,42,1,2,4
258,2,3,1,4,3,5,3,6,1,6,5,4,200,0,0,0,0,1,0,0,0,0,0,0,0,1,0,0,0,1,1,1,0,39,0,1,4
259,4,7,1,7,2,4,3,5,4,5,3,4,190,0,0,0,0,0,0,0,1,0,0,0,0,1,0,0,0,1,1,1,1,39,0,1,3
260,3,5,2,5,2,4,4,5,2,5,4,3,220,0,1,0,0,1,0,0,0,0,0,0,0,0,1,0,0,1,1,1,1,40,0,2,3
261,2,4,4,5,2,4,3,3,3,3,2,4,230,0,0,0,0,0,0,0,0,0,0,1,0,1,0,0,0,0,1,1,1,36,0,1,3
262,2,5,4,6,2,4,3,6,1,3,2,4,210,0,1,0,0,1,0,0,0,0,0,0,0,1,1,0,0,1,1,1,0,45,1,1,3
263,3,5,4,6,4,6,3,6,4,5,7,4,250,1,0,0,1,0,0,0,0,0,0,0,0,1,0,1,1,1,0,0,1,29,1,2,3
264,4,4,7,3,4,3,3,1,5,4,4,3,120,0,0,0,0,0,1,0,0,0,0,0,0,1,0,0,0,0,1,1,0,37,1,1,3
265,4,4,4,2,3,2,4,2,4,3,3,4,170,0,0,0,0,0,0,0,0,0,0,1,0,1,1,0,0,1,1,1,0,38,0,1,3
266,3,5,1,5,3,4,4,4,6,5,4,5,230,1,1,0,0,0,0,0,0,0,0,0,1,1,0,0,0,1,1,1,0,40,0,1,3
267,6,6,6,4,3,5,6,6,4,6,5,7,250,1,0,0,1,0,0,0,0,0,0,0,0,1,0,0,0,1,1,0,1,30,1,1,5
268,3,3,6,2,4,4,3,3,3,2,4,3,120,1,0,0,0,0,0,1,0,0,0,0,0,1,1,0,0,1,1,1,0,38,0,1,4
269,4,6,4,5,3,4,5,6,1,7,5,5,210,1,1,0,1,0,0,0,0,0,0,0,0,1,0,0,0,1,1,0,1,34,1,2,3
270,6,5,5,5,3,6,4,6,1,7,4,6,220,1,0,0,1,0,0,0,0,0,0,0,0,1,0,1,0,1,1,1,1,33,1,1,5
271,4,6,5,5,4,3,4,3,3,4,3,6,150,1,1,0,0,0,0,0,0,0,0,0,1,1,0,0,0,0,1,1,1,40,0,1,2
272,3,5,6,4,4,5,4,4,2,6,5,4,130,1,0,0,0,1,0,0,0,0,0,0,0,0,1,1,1,0,0,1,1,26,0,1,5
273,1,4,4,5,3,3,2,3,3,2,2,4,120,0,0,0,0,0,0,1,0,0,0,0,0,1,1,0,0,0,1,1,0,42,1,1,1
274,3,4,6,4,4,4,1,2,2,4,4,4,110,0,0,0,0,0,0,1,0,0,0,0,0,1,0,0,0,0,1,1,0,35,1,1,2
275,4,5,5,5,4,3,4,3,4,3,3,3,130,0,0,0,0,1,0,0,0,0,0,0,0,1,0,0,0,0,1,1,1,40,1,1,2
276,4,5,4,4,3,4,3,2,1,3,4,4,210,1,0,0,0,0,0,0,0,0,1,0,0,1,0,0,0,0,1,1,1,39,1,1,3
277,3,4,4,4,3,5,6,6,1,7,5,6,180,1,0,0,1,0,0,0,0,0,0,0,0,1,0,0,0,1,1,0,1,34,1,2,5
278,4,3,5,1,4,3,3,3,5,3,5,3,190,1,0,0,0,0,0,0,0,0,1,0,0,1,0,0,0,0,1,1,1,35,1,1,3
279,4,4,7,5,4,6,3,4,2,6,5,6,200,1,0,0,0,1,0,0,0,0,0,0,0,1,1,1,1,0,0,1,1,25,1,1,5
280,3,7,4,3,4,3,3,3,5,3,3,3,200,1,0,0,0,1,0,0,0,0,0,0,0,1,1,0,0,0,1,1,1,41,0,1,4
281,5,6,6,5,4,6,4,6,5,6,5,7,200,1,0,0,1,0,0,0,0,0,0,0,0,1,0,1,0,1,1,1,1,34,1,1,4
282,5,5,5,4,3,4,4,6,2,7,5,6,210,1,0,0,1,0,0,0,0,0,0,0,0,1,0,1,0,1,1,1,1,25,1,1,4
283,2,5,2,4,2,4,4,5,1,4,3,4,310,1,1,0,0,1,0,0,0,0,0,0,0,0,1,0,0,1,1,1,1,39,0,2,5
284,3,3,1,3,1,2,3,3,1,1,1,3,120,0,1,0,0,0,0,0,1,0,0,0,0,1,1,0,0,1,1,1,0,44,1,1,2
285,3,5,5,5,4,3,3,2,3,3,3,4,220,1,1,0,0,1,0,0,0,0,0,0,0,0,0,0,0,0,1,1,0,39,0,1,3
286,6,4,4,4,3,4,3,4,3,5,5,5,140,1,0,0,0,0,0,0,1,0,0,0,0,1,0,0,0,1,1,1,0,40,1,1,2
287,4,3,6,4,5,3,3,2,3,4,4,4,120,1,0,0,0,0,0,0,0,1,0,0,0,1,1,0,0,1,1,1,0,40,0,1,3
288,2,7,3,7,2,5,6,7,2,6,3,4,320,0,0,0,0,1,0,0,0,0,0,0,0,1,0,0,0,1,1,1,1,36,1,2,5
289,7,1,4,4,3,2,3,3,4,7,6,4,200,1,0,0,1,0,0,0,0,0,0,0,0,1,0,0,0,0,1,1,0,39,0,1,4
290,2,5,4,4,3,3,3,2,3,2,2,4,170,1,1,0,1,0,0,0,0,0,0,0,0,1,1,0,0,1,1,1,1,46,0,1,3
291,6,4,7,5,6,5,6,2,5,3,4,5,120,0,0,0,0,0,1,0,0,0,0,0,0,1,1,1,0,1,0,0,0,25,1,1,2
292,5,6,7,5,5,5,6,4,4,4,5,5,250,1,0,0,0,0,0,1,0,0,0,0,0,1,1,1,0,1,0,1,0,31,1,1,1
293,5,3,6,5,4,5,3,4,3,5,6,4,170,1,0,0,0,1,0,0,0,0,0,0,0,1,0,1,1,0,0,1,1,27,1,1,2
294,2,7,4,6,3,5,5,4,3,3,4,4,170,0,0,0,0,1,0,0,0,0,0,0,0,0,0,0,0,1,1,1,0,36,0,2,3
295,4,6,5,2,4,3,3,3,5,4,5,3,140,0,0,0,0,0,0,1,0,0,0,0,0,0,0,0,0,0,1,1,1,32,1,1,2
296,4,6,4,4,3,4,6,6,1,6,4,5,210,0,0,0,1,0,0,0,0,0,0,0,0,1,1,1,0,1,0,1,1,35,1,1,3
297,6,4,3,4,3,2,3,3,3,4,4,3,220,1,0,0,0,0,1,0,0,0,0,0,0,0,1,0,0,1,1,1,0,32,0,1,3
298,7,7,6,7,2,4,5,6,3,1,1,3,210,0,0,0,0,1,0,0,0,0,0,0,0,0,0,0,0,1,1,1,0,40,1,2,5
299,4,4,5,3,4,3,4,1,4,4,4,3,200,1,0,0,0,0,0,0,0,0,0,1,0,0,0,0,0,0,1,1,1,39,0,1,3
300,4,4,1,4,5,4,2,3,4,4,5,4,150,0,0,0,0,0,0,1,0,0,0,0,0,1,0,0,0,0,1,1,1,37,1,1,3
301,5,7,3,5,3,5,7,6,1,6,4,6,250,1,1,0,1,0,0,0,0,0,0,0,0,1,1,1,0,1,1,1,1,39,1,2,5
302,3,5,5,4,4,6,4,6,2,7,5,7,210,1,0,0,1,0,0,0,0,0,0,0,0,1,0,0,0,1,1,1,1,41,1,2,5
303,6,6,4,5,4,2,4,1,2,5,4,3,230,0,0,0,0,0,1,0,0,0,0,0,0,1,0,0,0,0,1,1,0,37,1,1,3
304,3,2,1,1,5,4,3,2,4,2,4,3,170,0,0,0,0,1,0,0,0,0,0,0,0,1,1,0,0,1,1,1,1,42,1,1,3
305,7,5,6,4,4,2,1,2,3,4,4,4,220,1,0,0,0,0,0,0,0,0,1,0,0,0,0,0,0,0,1,1,0,33,0,1,3
306,4,5,5,5,2,3,3,6,2,4,2,4,180,1,0,0,0,0,0,1,0,0,0,0,0,0,0,0,0,0,1,1,0,37,1,1,4
307,6,5,6,4,4,6,5,6,1,7,5,6,210,0,1,0,1,0,0,0,0,0,0,0,0,1,1,1,0,1,1,1,0,37,1,2,3
308,3,5,1,4,2,5,3,6,1,5,3,3,220,1,1,0,0,1,0,0,0,0,0,0,0,1,1,0,0,1,1,1,1,45,0,2,4
309,5,6,4,4,3,5,6,6,2,7,5,7,310,1,0,0,1,0,0,0,0,0,0,0,0,1,1,1,0,1,0,1,1,39,1,2,4
310,5,4,2,3,3,2,3,2,2,4,3,3,150,0,0,0,0,0,0,0,0,0,0,1,0,0,0,0,0,0,1,1,0,42,0,1,3
311,3,4,2,5,3,3,3,5,5,2,1,4,190,1,1,0,0,0,0,0,0,0,0,0,1,0,0,0,0,0,1,1,1,47,1,1,4
312,5,5,5,5,5,4,6,4,4,4,4,4,260,1,1,0,1,0,0,0,0,0,0,0,0,1,1,1,0,1,0,0,0,33,1,2,3
313,7,4,7,2,4,2,3,2,4,4,3,4,210,0,0,0,0,0,0,0,0,0,1,0,0,0,0,0,0,0,1,1,1,33,1,1,3
314,4,5,6,4,3,4,2,4,2,6,5,4,230,1,0,0,0,1,0,0,0,0,0,0,0,1,0,1,1,0,0,0,1,25,1,1,5
315,7,7,2,7,2,4,6,6,3,5,3,3,310,1,0,0,0,1,0,0,0,0,0,0,0,1,0,0,0,1,1,1,0,37,1,2,3
316,2,3,1,6,2,3,5,4,1,4,3,3,320,1,0,0,0,1,0,0,0,0,0,0,0,1,0,0,0,1,1,1,1,37,1,2,4
317,5,4,6,4,5,4,6,4,5,5,5,5,200,1,0,0,0,0,0,0,0,1,0,0,0,1,1,1,0,1,0,1,0,31,1,2,2
318,7,6,3,6,3,1,3,3,4,3,2,4,180,0,0,0,0,0,0,0,0,0,1,0,0,0,0,0,0,0,1,1,1,34,1,1,3
319,6,6,7,6,5,3,6,2,5,5,5,4,280,1,0,0,0,0,1,0,0,0,0,0,0,1,1,1,0,0,0,0,0,25,1,1,2
320,2,4,4,7,4,3,4,3,2,3,2,3,200,0,1,1,0,0,0,0,0,0,0,0,0,1,1,0,0,1,1,1,0,45,1,1,2
321,4,3,4,5,4,4,3,5,5,3,3,3,150,0,0,0,0,0,0,1,0,0,0,0,0,1,1,0,0,0,1,1,1,42,0,1,3
322,5,7,4,4,3,4,6,4,1,4,4,3,220,1,0,0,0,1,0,0,0,0,0,0,0,1,1,0,0,1,1,1,0,38,1,2,5
323,3,4,4,3,4,6,5,5,5,6,6,4,180,1,0,0,0,1,0,0,0,0,0,0,0,1,0,1,1,0,0,1,1,27,0,2,5
324,4,3,5,3,4,4,3,5,5,3,4,4,120,1,0,0,0,0,0,1,0,0,0,0,0,1,0,0,0,0,1,1,1,37,0,1,3
325,7,5,2,5,2,4,6,6,2,2,2,3,250,1,1,0,0,1,0,0,0,0,0,0,0,1,1,0,0,1,1,1,1,44,0,2,5
326,6,5,7,5,6,5,6,3,7,6,4,5,250,0,0,0,0,0,1,0,0,0,0,0,0,1,1,1,0,0,0,0,0,25,1,1,2
327,4,5,4,5,3,5,4,6,2,6,5,6,250,0,0,0,1,0,0,0,0,0,0,0,0,1,0,0,0,0,1,1,0,32,1,2,3
328,2,1,6,1,4,3,1,1,6,1,2,4,130,1,0,0,0,0,0,1,0,0,0,0,0,0,0,0,0,0,1,1,1,39,1,1,4
329,3,6,4,4,4,6,4,4,5,5,6,4,190,0,0,0,0,1,0,0,0,0,0,0,0,1,1,1,1,1,0,0,1,30,1,1,4
330,3,6,6,4,4,3,3,4,2,5,4,5,220,1,1,1,0,0,0,0,0,0,0,0,0,1,1,0,1,1,1,1,0,47,0,1,4
331,3,5,5,4,3,3,3,4,5,7,3,6,130,0,0,0,0,0,0,0,0,0,0,0,0,0,0,0,0,0,1,1,1,40,0,1,3
332,6,5,4,7,3,4,6,4,3,3,4,3,240,1,1,0,0,1,0,0,0,0,0,0,0,1,1,0,1,1,1,1,1,38,0,2,3
333,7,4,5,4,4,3,3,3,3,6,3,4,270,1,0,0,0,0,0,0,0,0,1,0,0,1,0,0,1,0,1,1,1,32,0,1,4
334,3,6,3,6,2,5,5,5,4,5,3,5,180,1,1,0,0,1,0,0,0,0,0,0,0,1,0,0,1,0,1,1,1,35,0,2,3
335,7,5,5,5,4,2,3,1,6,4,4,4,130,0,0,0,0,0,0,0,0,0,1,0,0,1,1,0,1,1,1,1,0,33,0,1,2
336,4,5,3,4,2,4,5,5,3,5,4,3,200,0,1,0,0,1,0,0,0,0,0,0,0,1,1,0,1,1,1,1,0,45,0,2,5
337,6,5,4,5,3,6,4,6,1,6,4,5,250,0,0,0,1,0,0,0,0,0,0,0,0,1,1,1,1,1,1,1,0,36,1,2,5
338,4,6,5,5,3,5,5,6,1,6,5,7,240,0,0,0,1,0,0,0,0,0,0,0,0,1,1,1,1,1,0,1,0,30,1,2,5
339,4,6,5,5,4,6,6,6,3,7,5,6,250,0,0,0,1,0,0,0,0,0,0,0,0,1,0,0,0,0,1,1,1,28,1,2,3
340,4,4,4,4,3,6,4,6,3,5,6,6,250,1,0,0,0,1,0,0,0,0,0,0,0,1,0,1,1,1,0,0,1,30,1,1,3
341,5,2,4,2,3,5,2,5,3,5,6,4,180,1,0,0,0,1,0,0,0,0,0,0,0,1,0,1,1,0,0,0,1,25,1,1,5
342,5,3,3,1,3,2,3,1,3,3,4,4,230,1,1,0,0,0,0,0,0,0,0,0,0,1,1,0,1,1,1,1,1,41,1,1,3
343,5,5,5,3,4,5,5,6,1,7,5,6,280,1,0,0,1,0,0,0,0,0,0,0,0,1,0,1,1,0,1,1,1,25,1,2,3
344,6,3,4,4,3,2,3,3,4,5,4,4,120,0,0,0,0,0,0,0,0,0,0,1,0,1,1,0,1,1,1,1,0,40,0,1,3
345,4,7,5,1,4,2,3,1,6,3,4,4,200,1,0,0,0,0,1,0,0,0,0,0,0,1,1,0,1,1,1,1,1,33,0,1,3
346,4,6,3,4,3,2,3,2,2,3,2,4,190,0,0,0,0,1,0,0,0,0,0,0,0,1,0,0,1,1,1,1,0,39,1,1,4
347,3,3,3,6,2,4,4,4,1,5,3,4,230,1,1,0,0,1,0,0,0,0,0,0,0,1,1,0,1,1,1,1,1,35,0,2,3
348,5,3,3,7,2,5,6,7,1,5,2,5,230,0,1,0,0,1,0,0,0,0,0,0,0,0,0,0,0,0,1,1,0,41,1,2,3
349,7,6,7,6,5,4,6,3,6,6,5,4,200,1,0,0,0,0,1,0,0,0,0,0,0,1,1,1,1,1,0,1,0,25,1,1,3
350,5,6,6,5,4,4,6,3,4,4,4,5,190,1,0,0,0,0,1,0,0,0,0,0,0,1,0,1,1,0,0,1,1,27,1,1,2
351,5,1,6,2,5,3,6,3,6,5,5,5,180,0,0,0,0,0,1,0,0,0,0,0,0,1,0,1,1,0,0,1,0,25,1,1,2
352,7,2,4,6,4,2,3,2,2,4,3,4,220,1,0,0,0,0,0,0,0,0,0,0,1,0,0,0,1,1,1,1,1,39,0,1,3
353,4,7,4,2,3,2,3,1,2,3,4,4,220,0,0,0,0,0,0,0,0,0,0,0,0,1,0,0,1,1,1,1,1,40,1,1,2
354,5,5,4,3,3,2,3,2,2,4,4,3,260,1,0,0,0,0,0,0,0,0,1,0,0,1,1,0,1,1,1,1,1,34,0,1,4
355,5,7,6,4,5,4,6,4,5,4,5,4,170,0,0,0,0,1,0,0,0,0,0,0,0,0,0,1,1,0,0,0,0,32,1,1,2
356,3,3,3,5,2,4,3,4,1,5,3,4,360,0,1,0,0,1,0,0,0,0,0,0,0,1,1,0,1,1,1,1,0,37,0,2,3
357,2,7,2,6,2,3,3,4,1,4,2,4,240,1,1,0,0,1,0,0,0,0,0,0,0,1,1,0,1,1,1,1,0,40,1,2,4
358,4,5,4,5,3,5,5,6,1,7,4,7,220,1,0,0,1,0,0,0,0,0,0,0,0,1,1,1,1,1,1,1,1,39,1,2,5
359,2,2,2,4,3,3,3,4,4,1,1,4,210,1,0,0,0,0,0,0,1,0,0,0,0,1,0,0,1,1,1,1,1,39,0,1,3
360,6,1,7,5,5,4,6,1,4,6,5,4,240,0,0,0,0,0,1,0,0,0,0,0,0,0,0,1,1,0,0,0,0,25,1,1,3
361,4,5,1,5,2,3,6,5,2,1,1,4,320,0,1,0,0,1,0,0,0,0,0,0,0,0,0,0,1,0,1,1,1,35,1,2,4
362,3,5,3,4,2,4,3,5,1,5,3,4,220,1,1,0,0,1,0,0,0,0,0,0,0,0,1,0,1,0,1,1,1,42,1,2,4
363,6,7,4,5,3,4,6,4,2,4,4,3,250,1,1,0,0,1,0,0,0,0,0,0,0,0,0,0,1,0,1,1,1,40,1,2,3
364,3,5,6,4,5,4,3,1,2,4,4,4,210,0,0,0,0,0,0,0,1,0,0,0,0,1,1,0,1,1,1,1,0,38,0,1,4
365,5,5,4,5,3,5,6,4,2,6,5,7,230,1,0,0,1,0,0,0,0,0,0,0,0,1,0,1,1,0,1,1,1,34,1,2,5
366,4,5,6,6,5,7,2,6,6,5,7,4,160,1,0,0,0,1,0,0,0,0,0,0,0,1,1,1,1,1,0,0,1,26,1,1,2
367,4,6,2,5,2,4,3,3,6,5,3,5,160,1,0,0,1,0,0,0,0,0,0,0,0,0,0,0,1,1,1,0,0,42,1,1,3
368,3,5,5,5,3,3,3,3,5,7,4,5,160,1,0,0,0,0,0,0,0,1,0,0,0,1,1,0,1,1,1,1,0,46,1,1,3
369,5,6,2,6,3,2,3,1,3,3,2,4,280,0,0,0,0,0,0,0,0,1,0,0,0,1,1,0,1,1,1,1,0,41,0,1,4
370,4,5,6,5,3,3,3,4,6,4,4,6,200,1,0,0,1,0,0,0,0,0,0,0,0,0,0,0,1,1,1,0,0,39,1,1,2
371,5,6,6,5,4,5,6,4,1,7,5,7,270,1,0,0,0,1,0,0,0,0,0,0,0,1,0,0,1,0,1,1,1,30,1,2,3
372,5,3,2,2,3,2,3,3,5,4,4,3,200,0,0,1,0,0,0,0,0,0,0,0,0,1,1,1,1,1,1,1,1,40,1,1,2
373,2,1,1,1,4,3,1,1,2,3,4,4,160,0,0,0,0,0,0,1,0,0,0,0,0,0,0,0,1,1,1,0,1,34,0,1,4
374,4,3,7,3,4,3,3,3,5,3,4,3,140,1,0,0,0,0,1,0,0,0,0,0,0,0,0,0,1,1,1,0,0,39,0,1,3
375,4,4,1,3,4,3,3,2,1,3,3,3,150,1,0,0,0,0,0,0,0,0,0,0,0,0,0,0,1,1,1,0,0,42,1,1,2
376,7,5,5,4,3,2,3,4,3,5,4,3,200,0,0,0,0,0,0,0,0,0,0,1,0,0,1,0,1,1,1,1,0,33,0,1,3
377,4,3,5,2,3,6,2,7,3,6,6,6,160,1,0,0,0,1,0,0,0,0,0,0,0,1,0,1,1,1,0,1,1,28,0,1,4
378,4,5,1,6,4,4,3,3,3,4,3,3,180,1,0,0,0,0,0,0,1,0,0,0,0,0,0,0,1,1,1,0,0,42,1,1,2
379,5,4,4,4,3,5,2,4,3,5,6,4,240,1,0,0,0,0,1,0,0,0,0,0,0,1,0,1,1,0,0,0,1,24,1,1,3
380,7,5,6,5,5,4,6,4,4,7,5,7,240,1,0,0,0,1,0,0,0,0,0,0,0,1,1,1,1,1,0,1,0,25,1,2,4
381,5,5,3,5,4,3,3,3,4,4,4,3,180,0,0,0,0,0,0,1,0,0,0,0,0,0,0,0,1,1,1,0,0,36,0,1,2
382,1,3,5,2,4,3,2,2,4,3,3,4,100,1,0,0,0,0,0,0,0,0,0,0,0,1,1,1,1,1,1,1,0,46,1,1,2
383,2,3,6,1,4,3,2,1,3,3,4,3,160,1,0,0,0,0,1,0,0,0,0,0,0,1,0,1,1,1,1,1,1,36,1,1,2
384,7,7,3,7,3,2,3,3,3,3,2,4,190,1,0,0,0,0,0,0,0,0,0,0,0,0,0,0,1,1,1,0,0,40,1,1,3
385,3,4,4,4,3,3,3,3,5,3,2,4,190,1,0,0,0,0,0,0,0,0,0,0,1,1,1,1,1,1,1,0,1,41,0,1,3
386,3,5,4,5,3,4,4,4,1,6,5,5,240,1,0,0,0,1,0,0,0,0,0,0,0,1,0,0,1,0,1,1,0,33,1,2,4
387,6,6,5,5,3,5,6,4,1,7,5,7,290,1,0,0,0,1,0,0,0,0,0,0,0,1,1,1,1,0,1,1,1,35,1,2,3
388,4,6,3,5,5,4,6,4,1,7,4,5,210,1,0,0,0,1,0,0,0,0,0,0,0,1,0,1,1,1,1,1,1,34,1,2,5
389,4,5,4,5,3,4,5,4,1,6,5,6,220,1,1,0,0,1,0,0,0,0,0,0,0,1,0,1,1,0,1,1,0,28,1,1,3
390,3,6,7,5,5,7,3,3,3,6,6,6,150,1,0,0,0,0,1,0,0,0,0,0,0,1,1,1,1,1,0,1,1,28,1,1,2
391,3,3,4,2,5,6,2,3,3,5,7,4,140,0,0,0,0,0,1,0,0,0,0,0,0,1,0,1,1,0,0,1,1,25,0,1,4
392,4,5,5,5,3,5,4,4,1,6,5,7,220,0,1,0,0,1,0,0,0,0,0,0,0,1,1,0,1,1,1,1,1,26,0,1,5
393,1,5,3,6,3,5,4,5,2,2,2,4,170,1,1,0,0,1,0,0,0,0,0,0,0,1,1,0,1,0,1,1,0,40,1,2,3
394,4,5,4,5,3,5,6,4,2,6,5,6,210,0,1,0,0,1,0,0,0,0,0,0,0,1,0,1,1,1,1,1,0,31,0,1,3
395,4,5,3,4,2,4,5,5,2,5,4,3,230,0,1,0,0,1,0,0,0,0,0,0,0,0,0,0,1,0,1,1,1,35,0,2,5
396,6,5,6,5,4,5,6,4,1,7,5,7,230,1,1,0,0,1,0,0,0,0,0,0,0,1,1,1,1,1,0,1,1,32,1,2,3
397,3,7,4,7,3,5,6,7,3,6,4,3,200,1,1,0,0,1,0,0,0,0,0,0,0,0,0,0,1,0,1,1,0,39,0,2,3
398,6,7,2,3,2,2,3,4,4,4,4,3,280,0,0,0,0,0,0,0,0,0,0,0,0,0,1,1,1,1,1,0,1,41,0,1,3
399,5,5,5,5,3,5,2,4,3,5,6,4,170,0,0,0,0,0,1,0,0,0,0,0,0,1,0,0,1,1,0,1,1,30,0,1,3
400,6,4,3,4,3,1,3,1,3,3,3,4,250,1,0,0,1,0,0,0,0,0,0,0,0,1,0,0,1,1,1,0,1,41,1,1,3
401,6,7,7,4,5,6,6,4,4,7,5,7,240,1,1,0,0,1,0,0,0,0,0,0,0,1,1,1,1,1,0,1,1,25,1,2,5
402,5,5,6,5,4,6,5,4,5,7,5,7,250,1,1,0,0,1,0,0,0,0,0,0,0,1,0,0,1,0,1,1,1,32,0,2,5
403,4,6,1,6,1,3,3,5,3,2,1,3,250,1,0,0,0,0,0,1,0,0,0,0,0,1,1,1,1,1,1,1,1,39,0,1,3
404,5,4,4,4,5,6,2,3,3,6,6,4,160,0,0,0,0,0,1,0,0,0,0,0,0,1,0,1,1,0,0,1,1,29,1,1,3
405,5,3,5,6,4,4,6,3,6,4,4,5,220,0,0,0,0,0,0,0,0,0,1,0,0,0,0,1,1,0,0,1,0,26,1,1,2
406,5,5,5,5,3,5,6,4,5,6,4,7,290,1,1,0,0,1,0,0,0,0,0,0,0,1,1,1,1,1,0,1,1,29,1,2,3
407,4,7,5,4,4,3,3,3,4,4,4,4,190,0,0,0,0,0,0,0,0,0,0,1,0,1,1,1,1,1,1,0,0,41,1,1,3
408,4,5,5,4,3,5,6,4,4,6,4,5,210,1,1,0,0,1,0,0,0,0,0,0,0,1,0,0,1,0,1,1,0,31,0,2,5
409,4,2,6,3,4,4,3,3,3,4,4,4,160,1,0,0,0,0,0,0,1,0,0,0,0,1,1,1,1,1,1,1,0,40,1,1,3
410,4,3,6,3,4,7,2,7,3,5,7,4,130,1,0,0,0,0,1,0,0,0,0,0,0,0,1,1,1,0,0,0,1,28,0,1,1
411,4,3,4,3,3,6,2,7,3,6,6,4,180,0,0,0,0,0,1,0,0,0,0,0,0,1,1,1,1,0,0,1,1,25,0,1,3
412,3,4,6,1,4,3,3,1,3,4,4,3,180,0,0,0,0,0,0,0,0,0,0,0,1,1,1,1,1,1,1,0,0,41,1,1,3
413,6,6,4,4,3,4,6,4,6,7,4,5,290,1,1,0,0,1,0,0,0,0,0,0,0,1,0,1,1,0,1,1,1,28,0,2,4
414,5,7,5,5,4,4,6,4,4,7,5,5,240,1,1,0,0,1,0,0,0,0,0,0,0,1,0,0,1,0,1,1,1,35,1,2,3
415,4,6,7,1,5,7,6,4,4,7,4,6,190,1,1,0,0,1,0,0,0,0,0,0,0,1,0,0,1,0,1,1,1,29,0,2,5
416,4,4,4,4,3,2,4,1,3,3,3,4,110,1,0,0,0,0,0,1,0,0,0,0,0,0,1,0,1,1,1,1,1,39,0,1,4
417,5,6,1,4,2,4,3,3,5,4,3,5,250,0,0,0,0,0,0,0,0,0,0,0,1,1,1,1,1,1,1,1,1,41,0,1,4
418,3,6,4,4,3,6,6,4,3,7,4,7,180,1,1,0,0,1,0,0,0,0,0,0,0,1,0,0,1,0,1,1,1,31,0,2,4
419,2,3,3,4,3,5,3,5,3,3,3,4,240,1,1,0,0,1,0,0,0,0,0,0,0,1,1,0,1,1,1,1,0,40,1,2,4
420,2,1,4,6,4,3,1,3,4,3,4,3,180,0,0,0,0,0,0,0,1,0,0,0,0,1,1,1,1,1,1,1,0,32,0,1,2
421,6,5,7,1,6,6,6,4,5,5,5,6,220,1,0,0,0,0,1,0,0,0,0,0,0,0,1,1,1,1,0,1,0,32,1,2,3
422,4,4,4,7,4,3,3,2,5,3,3,3,210,0,0,0,0,0,0,0,1,0,0,0,0,0,0,0,1,1,1,0,0,38,1,1,2
423,4,4,6,6,4,4,3,3,4,4,4,3,140,0,0,0,0,0,1,0,0,0,0,0,0,0,0,0,1,1,1,0,0,32,1,1,3
424,3,3,1,7,2,4,3,7,1,3,2,4,310,1,1,0,0,1,0,0,0,0,0,0,0,0,0,0,1,0,1,1,0,38,0,2,3
425,2,4,4,2,4,3,3,2,2,3,2,4,220,1,0,0,0,0,1,0,0,0,0,0,0,1,0,0,1,1,1,1,0,39,0,1,3
426,4,4,4,5,3,4,4,5,1,6,5,4,200,1,1,0,0,1,0,0,0,0,0,0,0,1,0,1,1,0,1,1,1,40,1,2,3
427,3,5,2,4,2,3,4,4,1,3,2,3,320,0,1,0,0,1,0,0,0,0,0,0,0,1,1,1,1,1,1,1,0,35,0,2,3
428,2,4,4,7,3,5,4,5,3,5,4,4,160,1,1,0,0,1,0,0,0,0,0,0,0,0,1,1,1,1,1,1,0,44,1,2,5
429,4,4,4,3,3,2,4,1,2,3,3,4,230,1,0,0,0,0,0,0,0,0,1,0,0,1,0,0,1,1,1,1,0,39,0,1,4
430,4,4,5,3,3,6,4,6,3,5,6,4,150,0,0,0,0,0,1,0,0,0,0,0,0,1,0,1,1,0,0,0,1,28,1,1,3
431,4,6,3,4,3,4,5,4,3,6,3,4,270,1,1,0,0,1,0,0,0,0,0,0,0,1,1,1,1,1,1,1,1,38,0,2,3
432,4,7,5,5,4,5,5,4,3,7,5,6,230,0,0,0,0,1,0,0,0,0,0,0,0,1,0,1,1,0,1,1,1,33,0,2,4
433,3,7,2,5,2,3,3,4,1,4,2,3,190,1,1,0,0,1,0,0,0,0,0,0,0,1,0,0,1,1,1,1,0,39,1,2,4
434,4,4,6,4,4,6,2,5,3,5,7,6,220,1,0,0,0,0,1,0,0,0,0,0,0,1,0,1,1,0,0,0,1,25,1,1,5
435,5,5,2,7,2,4,6,6,1,5,2,3,190,1,1,0,0,1,0,0,0,0,0,0,0,1,0,0,1,1,1,1,0,37,0,2,4
436,6,4,7,6,5,4,6,3,5,5,5,4,210,0,1,1,0,0,0,0,0,0,0,0,0,1,1,1,1,1,0,1,0,31,1,2,2
437,4,7,6,5,4,6,6,4,3,7,4,6,200,1,0,0,0,1,0,0,0,0,0,0,0,1,0,1,1,1,1,1,1,33,1,2,5
438,4,4,4,5,3,2,3,2,1,3,2,4,150,0,0,0,0,0,0,0,1,0,0,0,0,1,0,0,1,1,1,0,1,41,0,1,3
439,4,1,7,3,5,4,3,3,4,3,4,4,190,1,0,0,0,0,1,0,0,0,0,0,0,1,1,1,1,1,1,1,0,39,1,1,2
440,2,5,3,7,2,5,6,7,3,2,1,3,350,1,1,0,0,0,1,0,0,0,0,0,0,1,0,1,1,1,1,1,1,38,0,2,3
441,3,7,6,4,4,6,5,6,3,5,7,4,170,1,0,0,0,0,1,0,0,0,0,0,0,1,1,1,1,0,0,1,1,24,1,1,4
442,7,6,4,4,4,2,3,3,4,6,3,4,230,0,0,0,0,0,0,0,0,0,1,0,0,1,1,1,1,1,1,1,1,32,0,1,3
443,4,1,5,3,4,3,3,3,4,3,4,4,230,1,0,0,0,1,0,0,0,0,0,0,0,1,0,0,1,1,1,0,1,39,0,1,3
444,5,5,5,5,3,4,6,4,3,7,4,6,250,1,0,0,0,1,0,0,0,0,0,0,0,1,0,1,1,0,1,1,1,25,1,2,3
445,5,4,3,4,3,4,3,4,2,3,3,3,190,0,0,0,0,0,0,0,0,0,0,0,1,1,0,0,1,1,1,0,0,40,0,1,2
446,2,4,3,7,2,5,6,7,2,5,3,3,210,1,1,0,0,0,1,0,0,0,0,0,0,0,0,1,1,1,1,1,1,42,0,2,3
447,4,6,5,3,4,3,3,1,3,4,4,3,230,1,0,0,0,1,0,0,0,0,0,0,0,0,0,1,1,1,1,0,0,39,0,1,3
448,4,5,4,3,3,4,6,4,3,7,4,4,230,1,0,0,0,1,0,0,0,0,0,0,0,1,0,1,1,0,1,1,1,27,0,2,3
449,5,3,5,5,4,5,5,4,3,7,5,7,230,1,0,0,0,1,0,0,0,0,0,0,0,1,1,0,1,1,1,1,1,32,0,2,4
450,4,3,4,2,4,3,3,3,6,3,4,3,240,1,0,0,0,0,0,0,0,1,0,0,0,0,0,1,1,1,1,0,0,40,0,1,3
451,3,7,6,3,4,6,4,5,3,5,7,4,130,0,0,0,0,0,1,0,0,0,0,0,0,1,1,1,1,0,0,0,1,27,0,1,5
452,5,5,3,4,3,1,3,2,2,3,2,4,180,0,0,0,0,0,0,0,1,0,0,0,0,1,1,1,1,1,1,1,0,41,0,1,2
453,5,6,7,5,5,4,6,2,3,5,5,4,150,0,0,0,0,0,0,0,0,0,1,0,0,0,0,1,1,0,0,1,0,26,1,1,3
454,5,4,7,4,5,5,6,4,5,4,5,5,220,1,0,0,0,0,0,0,0,0,0,1,0,1,1,1,1,1,0,1,0,31,1,1,2
455,4,7,3,6,2,3,6,4,1,2,1,4,240,1,1,0,0,0,1,0,0,0,0,0,0,1,1,1,1,1,1,1,0,37,1,2,4
456,4,4,5,3,4,3,3,1,5,4,4,4,150,0,0,0,0,1,0,0,0,0,0,0,0,1,1,1,1,1,1,0,0,42,1,1,1
457,2,5,2,7,2,5,6,7,3,1,1,4,320,1,1,0,0,0,1,0,0,0,0,0,0,0,0,1,1,1,1,1,0,36,1,2,3
458,1,1,4,1,3,3,1,4,4,1,2,4,150,1,0,0,0,0,0,1,0,0,0,0,0,1,1,1,1,1,1,1,0,39,0,1,3
459,3,5,4,5,4,6,5,5,2,5,7,4,210,1,0,0,0,0,1,0,0,0,0,0,0,1,1,1,1,0,0,1,1,31,1,1,5
460,3,4,4,4,4,3,3,2,3,3,2,4,240,0,0,0,1,0,0,0,0,0,0,0,0,0,0,0,1,1,1,0,0,41,0,1,4
461,4,5,6,7,4,7,3,7,3,5,6,4,170,0,0,0,0,0,1,0,0,0,0,0,0,1,1,1,1,0,0,0,1,29,1,1,2
462,2,3,7,2,5,4,1,1,2,1,3,3,150,0,0,0,0,0,0,0,0,0,0,1,0,0,0,1,1,1,1,0,1,43,1,1,1
463,4,5,7,4,3,3,4,4,2,2,3,4,110,0,0,0,0,0,0,0,0,0,0,1,0,1,0,0,1,1,1,0,0,40,1,1,3
464,6,4,5,3,5,4,4,3,3,5,3,3,100,0,0,0,0,0,0,1,0,0,0,0,0,0,0,0,1,1,1,0,0,34,0,1,2
465,5,6,6,4,5,4,2,3,4,5,3,2,180,0,0,0,0,0,0,0,0,0,1,0,0,0,0,0,1,1,1,0,1,34,0,1,3
466,4,6,3,5,4,6,7,4,3,7,4,6,230,1,0,0,0,0,1,0,0,0,0,0,0,1,0,0,1,0,1,1,1,32,0,2,3
467,4,7,5,5,4,6,7,4,3,7,4,6,210,0,0,0,0,0,1,0,0,0,0,0,0,1,1,1,1,1,1,1,1,35,1,2,5
468,1,1,5,1,4,3,1,2,4,3,4,4,120,0,0,0,0,0,0,1,0,0,0,0,0,1,1,1,1,1,1,1,0,34,0,1,2
469,1,5,1,4,3,5,4,4,1,4,3,4,250,0,1,0,0,0,0,0,0,0,0,0,0,1,0,1,1,1,1,1,1,36,1,2,3
470,3,3,4,1,3,2,1,1,5,3,3,4,210,1,0,0,0,0,1,0,0,0,0,0,0,0,0,0,1,1,1,0,1,33,1,1,3
471,2,2,1,2,2,3,3,5,5,1,2,4,200,0,0,0,0,0,0,1,0,0,0,0,0,0,0,1,1,1,1,0,1,41,1,1,3
472,3,4,4,4,3,3,1,4,4,3,2,4,150,1,0,0,0,0,0,0,1,0,0,0,0,1,1,1,1,1,1,1,0,42,1,1,3
473,3,5,5,5,3,6,6,4,3,7,5,6,200,1,0,0,0,0,1,0,0,0,0,0,0,1,0,1,1,0,1,1,1,36,0,2,4
474,4,4,2,4,4,3,1,3,4,3,3,4,200,0,0,0,0,0,0,1,0,0,0,0,0,0,0,0,1,1,1,0,0,35,1,1,4
475,6,5,5,4,3,6,7,4,3,7,4,5,200,0,0,0,0,0,1,0,0,0,0,0,0,1,1,1,1,1,1,1,1,37,0,1,5
476,4,4,6,5,4,6,2,7,3,5,6,6,200,1,0,0,0,0,1,0,0,0,0,0,0,1,0,0,1,0,1,0,1,24,0,2,5
477,2,4,5,4,2,5,4,6,3,4,3,4,190,1,1,0,0,0,0,1,0,0,0,0,0,0,0,0,1,1,1,1,0,44,1,2,3
478,5,4,5,3,4,2,3,1,2,3,3,4,290,0,0,0,1,0,0,0,0,0,0,0,0,1,1,1,1,1,1,1,1,46,0,1,3
479,6,7,2,6,3,4,6,4,2,5,4,3,320,1,1,0,0,0,0,1,0,0,0,0,0,0,0,0,1,1,1,1,1,30,1,2,4
480,5,7,4,5,3,4,7,5,1,3,4,3,360,1,1,0,0,0,0,0,1,0,0,0,0,1,1,1,1,1,1,1,1,44,0,2,4
481,4,4,5,4,4,3,3,2,3,4,3,3,180,1,0,0,0,0,0,0,0,0,0,1,0,1,0,0,1,1,1,0,0,41,1,1,2
482,6,6,3,6,3,1,3,1,3,3,2,4,250,0,0,0,1,0,0,0,0,0,0,0,0,1,1,1,1,1,1,1,1,41,0,1,3
483,4,4,5,4,4,6,4,5,2,5,6,6,170,0,0,0,0,0,0,1,0,0,0,0,0,1,0,1,1,1,0,1,1,30,0,1,2
484,4,3,6,1,4,3,4,1,4,4,3,3,250,1,0,0,0,0,0,0,0,0,1,0,0,1,0,1,1,0,1,1,0,34,0,1,3
485,2,4,3,4,3,2,3,2,4,2,1,3,280,0,0,0,1,0,0,0,0,0,0,0,0,1,1,1,0,0,1,0,1,44,0,1,4
486,3,4,2,4,2,4,5,5,1,4,3,4,190,1,1,0,0,0,0,0,1,0,0,0,0,0,0,0,0,1,1,1,1,35,1,2,3
487,4,5,4,5,3,5,4,7,3,6,5,6,200,1,1,0,0,0,1,0,0,0,0,0,0,1,1,1,0,0,1,0,1,37,1,2,5
488,4,5,2,5,2,4,7,6,2,4,3,3,230,0,1,0,0,0,0,0,1,0,0,0,0,1,0,0,0,1,1,1,0,42,0,2,3
489,5,5,6,4,4,5,7,7,3,7,4,7,260,1,0,0,0,0,1,0,0,0,0,0,0,1,1,1,0,1,1,0,1,32,1,2,3
490,3,7,3,7,3,5,7,6,2,3,2,3,220,1,1,0,0,0,0,0,1,0,0,0,0,1,1,1,1,1,1,1,1,34,0,2,5
491,3,4,3,4,2,5,5,6,1,4,4,3,310,0,1,0,0,0,0,0,1,0,0,0,0,1,0,1,1,1,1,1,1,38,0,2,5
492,5,4,4,3,5,6,2,3,3,5,7,4,160,1,0,0,0,0,0,1,0,0,0,0,0,0,1,1,1,1,0,1,1,25,1,1,5
493,3,3,5,2,4,3,4,1,4,3,4,3,200,1,0,0,0,0,0,0,0,0,0,1,0,1,1,1,1,1,1,1,1,36,0,1,3
494,6,5,5,4,3,6,4,7,3,7,5,6,210,0,0,0,0,0,1,0,0,0,0,0,0,1,0,0,0,0,1,0,1,32,0,1,3
495,5,4,4,3,3,2,3,2,3,4,4,3,210,0,0,0,0,1,0,0,0,0,0,0,0,1,0,0,0,0,1,0,0,35,1,1,4
496,3,5,2,5,2,4,5,5,1,4,2,4,230,1,0,0,0,0,0,0,1,0,0,0,0,1,1,1,1,1,1,1,1,45,1,1,5
497,3,4,5,4,4,3,3,3,3,3,3,4,200,0,0,0,1,0,0,0,0,0,0,0,0,1,0,0,0,1,1,0,0,40,1,1,3
498,6,7,2,7,2,4,7,6,2,1,1,3,210,1,0,0,0,0,0,0,1,0,0,0,0,1,1,1,1,1,1,1,0,39,0,1,3
499,6,5,5,4,4,6,4,7,3,7,5,6,220,1,0,0,0,0,1,0,0,0,0,0,0,1,1,1,1,1,1,1,1,35,0,2,5
500,5,4,5,1,3,6,3,5,2,5,6,4,150,1,0,0,0,0,0,1,0,0,0,0,0,1,1,1,0,0,0,0,1,30,0,2,5
501,2,5,2,7,2,5,3,7,1,3,2,3,200,1,0,0,0,0,0,0,1,0,0,0,0,1,0,0,1,1,1,1,0,35,1,1,5
502,3,5,3,4,3,5,4,5,1,5,3,3,340,0,1,0,0,0,0,0,1,0,0,0,0,1,1,0,1,1,1,1,1,38,1,1,5
503,6,5,7,6,5,4,5,2,6,5,5,4,190,0,0,0,0,0,1,0,0,0,0,0,0,1,0,1,0,0,0,0,0,34,1,1,3
504,4,5,3,7,2,4,7,4,1,2,2,4,330,0,0,0,0,0,0,0,1,0,0,0,0,1,0,0,1,1,1,1,1,33,0,1,5
505,3,5,2,7,2,3,4,4,2,1,1,3,200,0,0,0,0,0,0,0,1,0,0,0,0,1,1,0,1,1,1,1,1,45,1,1,5
506,5,5,4,4,5,6,2,4,3,5,7,6,200,0,0,0,0,0,0,1,0,0,0,0,0,1,1,1,0,1,0,1,1,25,1,1,5
507,4,3,2,7,2,4,7,5,2,5,3,4,180,0,0,0,0,0,0,0,1,0,0,0,0,1,1,0,1,1,1,1,0,44,1,1,5
508,3,4,2,7,2,3,4,4,1,1,1,4,240,1,1,0,0,0,0,0,1,0,0,0,0,1,0,0,1,1,1,1,0,38,0,1,5
509,4,6,5,5,4,3,3,3,4,3,4,4,200,0,0,0,0,1,0,0,0,0,0,0,0,1,1,1,0,1,1,1,1,40,1,1,3
510,4,1,4,2,3,6,2,6,2,6,6,4,200,0,0,0,0,0,0,1,0,0,0,0,0,1,0,1,0,0,0,0,1,26,1,1,2
511,3,1,5,1,4,3,3,1,4,3,4,3,150,0,0,0,0,1,0,0,0,0,0,0,0,1,0,1,0,0,1,0,0,39,0,1,1
512,3,4,5,6,4,6,5,5,3,5,7,4,170,1,0,0,0,0,0,1,0,0,0,0,0,1,0,1,0,0,0,0,1,27,0,1,2
513,6,2,6,1,5,3,5,2,5,5,5,4,170,0,0,0,0,0,0,0,0,0,0,1,0,0,0,1,0,0,0,1,0,30,1,1,2
514,6,7,4,4,3,6,5,7,3,6,5,5,230,0,0,0,0,0,1,0,0,0,0,0,0,1,1,1,0,0,1,1,1,38,1,1,3
515,5,6,5,5,4,6,7,7,3,7,5,7,230,0,0,0,0,0,1,0,0,0,0,0,0,1,1,1,0,1,1,1,1,36,1,2,5
516,3,5,5,5,4,6,7,7,3,7,4,7,280,0,1,0,0,0,1,0,0,0,0,0,0,1,1,1,0,0,1,1,1,40,1,2,5
517,3,4,2,4,2,5,3,7,1,4,3,3,210,0,0,0,0,0,0,0,1,0,0,0,0,1,1,0,1,1,1,1,1,44,0,1,5
518,2,7,4,4,3,5,4,5,3,3,4,4,240,1,0,0,0,0,0,0,1,0,0,0,0,1,1,0,1,0,1,0,0,40,1,1,5
519,4,5,5,4,3,3,4,3,4,4,3,5,160,0,0,0,0,1,0,0,0,0,0,0,0,1,0,1,0,1,1,1,0,40,1,1,3
520,5,3,4,5,3,5,7,7,3,6,4,7,300,1,0,0,0,0,1,0,0,0,0,0,0,1,0,0,0,0,1,1,1,33,1,1,3
521,3,2,6,3,4,3,3,1,3,4,4,3,220,0,0,0,1,0,0,0,0,0,0,0,0,0,0,0,0,0,1,0,1,41,1,2,2
522,3,4,1,5,1,2,5,4,1,2,1,3,200,0,1,0,0,0,0,0,1,0,0,0,0,1,1,0,1,0,1,0,1,44,0,1,5
523,5,7,2,7,2,4,7,6,2,5,3,3,210,1,0,0,0,0,0,0,1,0,0,0,0,1,1,0,1,1,1,1,0,36,1,1,5
524,6,6,6,5,4,4,7,7,3,5,4,6,300,0,1,0,0,0,1,0,0,0,0,0,0,1,0,0,0,0,1,1,1,26,0,2,3
525,5,5,5,5,4,2,3,2,2,4,3,3,170,0,0,0,0,0,0,1,0,0,0,0,0,0,0,0,0,0,1,0,0,35,0,1,3
526,4,7,7,1,6,3,3,1,4,6,3,4,150,0,0,0,0,1,0,0,0,0,0,0,0,0,1,0,0,1,1,1,0,32,0,1,3
527,5,1,4,7,4,2,4,1,2,3,3,4,250,0,0,0,1,0,0,0,0,0,0,0,0,1,1,1,0,1,1,0,0,42,0,2,3
528,3,5,6,1,4,5,4,7,3,5,4,5,220,0,1,0,0,0,0,1,0,0,0,0,0,1,1,1,0,1,1,1,1,37,0,1,3
529,6,1,5,7,4,2,3,2,3,5,4,4,340,0,0,0,1,0,0,0,0,0,0,0,0,0,0,1,0,1,1,0,1,39,0,1,3
530,4,5,4,6,4,3,3,3,5,3,3,3,130,0,0,0,0,0,0,0,1,0,0,0,0,1,1,1,0,1,1,1,0,40,1,2,2
531,4,1,5,4,4,4,3,5,5,4,4,4,160,0,0,0,0,1,0,0,0,0,0,0,0,1,1,1,0,1,1,1,1,42,1,1,4
532,4,6,2,2,2,4,4,4,1,5,3,4,180,0,0,0,0,0,0,0,0,0,0,0,1,1,1,1,0,1,1,1,0,39,1,1,3
533,4,2,3,6,3,1,3,1,3,3,3,4,290,0,0,0,0,0,0,0,0,0,0,0,0,0,0,0,0,0,1,0,1,32,1,2,4
534,3,4,4,3,4,4,4,4,4,2,3,3,160,0,0,0,0,0,0,0,0,0,0,0,1,1,1,1,0,1,1,0,0,42,1,2,3
535,4,5,5,5,4,6,7,7,4,5,5,7,230,1,0,0,0,0,0,1,0,0,0,0,0,1,1,1,0,1,1,1,1,39,0,1,3
536,2,7,2,4,2,2,3,4,1,2,1,1,250,0,0,0,0,0,0,0,1,0,0,0,0,1,1,0,1,0,1,0,1,40,1,1,5
537,5,6,6,4,5,4,7,4,5,4,5,4,210,1,0,0,0,0,0,1,0,0,0,0,0,1,1,1,0,1,0,1,0,27,1,1,2
538,5,4,2,1,2,1,3,1,4,2,2,4,170,0,0,0,0,0,0,0,0,0,0,1,0,1,1,1,0,1,1,0,0,44,0,1,2
539,5,5,5,1,4,6,4,7,3,6,5,7,270,1,0,0,0,0,0,1,0,0,0,0,0,1,0,0,0,0,1,1,1,28,0,1,3
540,3,6,2,5,2,4,5,6,1,4,3,3,200,0,0,0,0,0,0,0,1,0,0,0,0,1,1,0,1,1,1,1,0,42,1,1,5
541,4,5,5,1,4,5,4,4,3,7,4,7,220,1,0,0,0,0,0,1,0,0,0,0,0,1,1,0,0,1,1,1,1,28,0,1,3
542,4,4,6,3,4,3,3,1,5,4,3,3,240,0,0,0,1,0,0,0,0,0,0,0,0,0,0,0,0,0,1,0,1,38,0,2,3
543,6,7,4,5,3,5,7,4,3,7,5,7,260,1,0,0,0,0,0,1,0,0,0,0,0,1,0,0,0,0,1,1,0,33,0,1,3
544,7,6,7,5,6,5,7,4,6,6,5,6,290,0,0,0,0,0,0,0,0,0,1,0,0,1,1,1,0,1,0,1,0,25,1,1,3
545,3,5,5,4,4,3,3,2,3,3,3,4,100,0,0,0,0,0,0,0,1,0,0,0,0,1,1,1,0,1,1,1,0,39,1,1,1
546,2,5,1,4,2,3,3,4,1,4,2,3,190,1,1,0,0,0,0,0,1,0,0,0,0,0,0,0,1,0,1,0,1,38,0,2,4
547,2,4,1,3,2,1,4,3,5,1,1,3,200,0,0,0,0,0,0,0,0,0,0,1,0,0,0,0,0,0,1,0,1,40,0,1,4
548,4,4,2,7,2,4,7,7,1,5,2,3,340,1,1,0,0,0,0,0,1,0,0,0,0,0,0,0,1,0,1,0,0,41,0,1,4
549,7,2,3,3,3,1,3,1,4,3,3,4,120,0,0,0,0,0,0,0,0,0,0,1,0,0,0,0,0,0,1,0,0,43,0,1,1
550,4,4,7,4,6,3,3,2,3,3,3,5,180,0,0,0,0,0,1,0,0,0,0,0,0,0,0,0,0,0,1,0,0,36,1,1,4
551,4,7,3,5,2,4,4,4,1,5,4,5,180,1,0,0,0,0,0,0,1,0,0,0,0,1,1,0,1,1,1,0,0,40,1,1,3
552,2,3,5,1,4,3,2,2,3,1,3,4,140,0,0,0,0,0,0,0,0,0,0,1,0,0,0,0,0,0,1,0,0,41,0,1,2
553,3,4,2,4,2,3,4,5,1,5,4,3,200,0,0,0,0,0,0,0,1,0,0,0,0,0,1,0,1,1,1,0,1,44,0,2,3
554,4,1,6,4,5,4,3,3,4,3,4,4,180,0,0,0,0,0,0,0,0,0,0,1,0,1,1,1,0,1,1,0,0,42,0,1,2
555,6,7,4,5,3,5,7,4,3,6,5,7,300,1,0,0,0,0,0,1,0,0,0,0,0,1,0,1,0,1,1,1,1,33,0,1,3
556,3,1,4,1,4,3,4,3,5,3,4,3,150,0,0,0,0,0,0,0,0,0,0,1,0,1,0,1,0,0,1,1,0,39,0,1,3
557,5,5,5,4,3,4,7,4,3,4,4,5,250,1,0,0,0,0,0,1,0,0,0,0,0,1,0,1,0,0,1,1,1,31,0,1,5
558,5,6,4,5,3,4,7,4,2,3,3,3,330,1,0,0,0,0,0,0,0,1,0,0,0,0,0,0,1,0,1,1,0,31,0,1,5
559,3,5,5,3,4,3,3,1,3,3,3,3,220,0,0,0,0,1,0,0,0,0,0,0,0,0,0,0,0,0,1,0,1,38,0,1,4
560,5,6,6,3,4,3,3,1,4,4,4,3,150,0,0,0,0,0,0,0,0,0,1,0,0,1,1,1,0,1,1,1,1,32,0,1,3
561,3,7,4,4,3,2,3,2,4,2,2,3,160,0,0,0,0,1,0,0,0,0,0,0,0,1,1,1,0,0,1,0,0,46,1,1,3
562,5,5,3,3,3,4,4,4,3,2,3,4,240,0,0,0,0,0,0,0,0,0,0,0,0,1,1,1,0,1,1,0,0,44,1,2,3
563,3,4,1,4,3,3,3,2,3,3,3,4,150,0,0,0,0,0,0,1,0,0,0,0,0,0,0,0,0,0,1,0,0,39,0,1,2
564,5,6,6,5,4,4,2,4,3,5,3,5,150,0,0,0,0,0,0,1,0,0,0,0,0,1,1,1,0,1,1,1,0,33,0,1,3
565,4,4,5,2,6,3,4,1,6,4,3,3,200,0,0,0,0,1,0,0,0,0,0,0,0,0,0,0,0,0,1,0,1,39,0,1,3
566,3,4,2,3,1,3,4,4,5,2,2,4,190,0,0,0,0,1,0,0,0,0,0,0,0,1,1,1,0,1,1,1,1,40,0,1,3
567,6,4,1,3,5,1,3,3,5,3,3,4,150,0,0,0,0,0,0,0,0,0,1,0,0,1,1,1,0,1,1,1,0,33,0,1,3
568,3,5,7,4,2,3,3,4,5,5,3,5,260,0,0,0,0,0,0,0,0,0,0,0,1,1,1,1,0,1,1,1,1,40,0,2,3
569,2,2,6,1,2,4,3,2,3,1,4,3,240,0,0,0,0,0,0,0,0,0,0,1,0,1,1,1,0,1,1,1,1,39,0,1,3
570,2,5,7,5,5,3,2,2,3,2,1,3,170,0,0,0,0,0,1,0,0,0,0,0,0,1,1,1,0,1,1,1,0,33,1,1,3
571,7,6,7,5,5,5,5,3,7,6,5,6,200,1,0,0,0,0,0,0,0,1,0,0,0,0,0,1,0,0,0,1,1,29,1,2,3
572,4,6,5,6,4,3,3,4,1,4,2,4,150,0,0,0,0,0,0,0,1,0,0,0,0,1,0,0,0,0,1,1,1,39,0,1,3
573,6,5,5,4,4,5,6,4,3,7,4,6,290,1,0,0,0,0,0,1,0,0,0,0,0,1,0,1,0,0,1,1,0,25,0,1,3
574,7,4,7,3,7,2,6,3,3,5,5,4,250,1,0,0,0,0,0,0,0,0,1,0,0,0,1,1,0,1,0,1,0,28,0,1,3
575,5,7,5,5,4,5,7,4,3,7,4,7,260,1,0,0,0,0,0,1,0,0,0,0,0,1,1,1,0,1,0,1,0,25,0,1,3
576,4,5,7,5,1,4,3,4,5,6,4,4,190,1,0,0,0,0,1,0,0,0,0,0,0,1,1,1,0,1,1,1,0,32,1,1,3
577,4,7,7,5,7,5,2,4,5,6,6,6,160,1,0,0,0,0,0,1,0,0,0,0,0,1,0,1,0,0,0,1,1,30,0,1,5
578,5,4,3,1,5,3,4,1,3,5,3,3,190,1,0,0,0,0,0,0,0,0,1,0,0,0,0,0,0,0,1,0,0,34,1,1,4
579,6,5,6,4,7,4,3,2,2,6,5,5,260,0,0,0,1,0,0,0,0,0,0,0,0,1,0,0,0,0,1,0,1,32,1,2,2
580,3,5,2,6,2,4,4,5,1,4,2,4,330,0,0,0,0,0,0,0,0,1,0,0,0,0,1,0,1,1,0,1,0,33,1,1,3
581,4,6,2,7,2,3,7,5,1,5,2,4,210,1,0,0,0,0,0,0,0,1,0,0,0,0,0,0,1,0,1,0,1,36,0,1,3
582,6,4,7,4,5,4,5,4,5,5,5,5,180,0,0,0,0,0,1,0,0,0,0,0,0,0,0,1,0,0,1,1,0,25,1,2,3
583,2,4,4,3,3,4,3,4,3,1,2,3,140,0,0,0,0,0,0,0,0,0,0,1,0,1,0,1,0,0,1,0,0,40,1,1,2
584,2,4,5,4,4,3,3,2,3,3,3,4,270,0,0,0,0,0,1,0,0,0,0,0,0,1,0,1,0,0,1,1,0,39,1,1,4
585,3,6,4,5,3,4,5,4,3,6,4,5,240,1,0,0,0,0,0,0,1,0,0,0,0,1,0,1,0,0,1,1,0,35,0,1,5
586,4,4,6,4,4,3,1,1,4,5,3,3,140,1,0,0,0,1,0,0,0,0,0,0,0,0,0,0,0,0,1,0,0,35,0,1,3
587,3,2,4,1,4,3,4,3,5,2,3,3,200,1,0,0,1,0,0,0,0,0,0,0,0,0,0,0,0,0,1,0,1,43,0,2,3
588,4,5,6,5,4,6,5,5,4,5,6,4,190,1,0,0,0,0,0,1,0,0,0,0,0,1,1,1,0,0,0,0,1,31,1,2,5
589,3,4,5,4,4,3,3,3,5,3,3,4,150,1,0,0,0,0,0,1,0,0,0,0,0,1,0,1,0,0,1,1,0,38,0,1,2
590,3,5,2,5,2,3,4,4,3,1,1,3,200,0,0,0,0,0,0,0,0,0,0,0,1,0,0,0,0,0,1,0,1,43,1,2,4
591,4,6,2,5,2,3,7,4,4,2,1,4,310,0,1,0,0,0,0,0,0,1,0,0,0,0,1,0,1,0,1,0,1,42,0,2,4
592,4,5,5,5,4,6,7,4,3,4,4,5,180,1,0,0,0,0,0,0,1,0,0,0,0,1,0,1,0,0,1,1,1,33,0,1,4
593,3,4,2,7,2,4,4,5,3,4,2,4,180,0,0,0,0,0,0,0,0,0,0,0,0,0,1,1,0,0,1,0,0,41,0,1,2
594,5,2,5,3,3,6,2,5,4,5,6,6,150,0,0,0,0,0,0,1,0,0,0,0,0,1,0,0,0,0,0,1,0,24,0,1,4
595,3,5,5,2,4,3,3,2,5,3,4,4,170,1,0,0,0,1,0,0,0,0,0,0,0,0,0,0,0,0,1,0,0,40,0,2,4
596,6,4,3,7,2,4,7,6,4,5,3,3,220,1,0,0,0,0,0,0,0,1,0,0,0,0,1,0,1,1,1,0,0,40,0,2,4
597,3,1,4,2,3,3,4,3,2,3,3,3,170,1,0,0,0,0,0,1,0,0,0,0,0,0,0,0,0,0,1,0,1,39,0,1,2
598,3,1,4,5,3,3,4,3,3,7,4,5,270,1,0,0,1,0,0,0,0,0,0,0,0,0,0,0,0,0,1,0,0,39,0,1,4
599,3,2,5,3,4,3,3,1,6,3,3,3,170,0,0,0,0,0,0,0,0,0,0,1,0,1,1,1,0,1,1,1,0,40,1,1,3
600,4,5,4,4,3,4,3,4,6,7,3,5,230,1,0,0,1,0,0,0,0,0,0,0,0,1,1,1,0,1,1,1,0,39,0,1,3
601,2,6,5,2,4,3,4,1,5,3,3,3,240,0,0,0,0,0,0,0,0,0,0,0,1,1,1,1,0,1,1,1,1,45,0,1,3
602,4,5,4,3,3,3,3,3,5,3,3,3,190,1,0,0,1,0,0,0,0,0,0,0,0,0,0,0,0,0,1,0,1,41,1,2,3
603,4,5,5,2,4,3,4,2,4,4,3,3,140,1,0,0,0,1,0,0,0,0,0,0,0,0,0,0,0,0,1,0,0,39,1,1,2
604,4,5,4,5,3,5,5,4,3,5,3,6,270,1,0,0,0,0,0,0,1,0,0,0,0,1,0,1,0,1,1,1,1,34,0,1,5
605,4,6,5,3,4,3,3,3,5,3,4,3,190,1,0,0,0,0,0,0,0,0,0,0,0,0,0,0,0,0,1,0,1,41,0,1,3
606,3,3,1,6,2,4,5,6,1,3,1,4,200,0,0,0,0,0,0,0,0,1,0,0,0,0,1,0,1,1,1,1,0,38,0,1,3
607,3,5,7,5,5,7,7,4,3,7,4,7,210,1,0,0,0,0,0,0,0,1,0,0,0,1,0,1,0,1,0,1,0,32,0,1,5
608,5,6,5,5,3,5,7,4,3,7,5,7,310,1,1,0,0,0,0,0,0,1,0,0,0,1,0,1,0,1,1,0,1,36,0,2,4
609,7,5,2,4,3,1,3,2,4,3,2,4,250,0,0,0,0,0,0,0,0,0,1,0,0,0,0,0,0,0,1,0,1,39,0,1,3
610,3,4,5,4,4,3,4,4,3,4,3,5,200,0,0,0,0,0,0,0,0,0,0,0,1,1,0,0,0,1,1,1,1,41,0,2,3
611,4,6,3,5,2,3,4,5,1,4,3,4,310,0,0,0,0,0,0,0,0,1,0,0,0,0,1,0,1,1,1,0,0,37,1,1,5
612,5,4,7,2,6,5,5,2,5,6,4,4,190,1,0,0,0,0,0,0,0,0,0,1,0,1,0,1,0,0,1,1,0,30,1,1,2
613,6,5,3,5,3,2,3,3,3,3,2,3,150,1,0,0,0,0,0,1,0,0,0,0,0,1,0,0,0,0,1,0,0,40,1,1,1
614,4,5,7,4,5,3,5,1,3,5,5,5,200,0,0,0,0,0,0,0,0,0,0,0,0,1,0,1,0,0,1,0,0,34,0,1,2
615,4,5,2,4,2,4,4,5,2,5,4,3,230,1,0,0,0,0,0,0,0,1,0,0,0,0,1,0,1,0,1,0,1,36,1,1,5
616,3,4,4,4,3,3,3,3,3,3,2,4,180,0,0,0,0,0,0,0,1,0,0,0,0,1,0,0,0,0,1,0,1,40,0,1,2
617,6,7,1,4,1,3,7,7,3,1,1,3,380,1,1,0,0,0,0,0,0,0,0,0,1,1,1,0,1,1,0,1,1,34,0,1,5
618,3,2,5,3,4,3,4,2,4,4,3,3,150,1,0,0,0,0,0,0,0,0,0,1,0,1,1,0,1,1,1,1,0,38,1,1,2
619,5,4,6,5,4,4,5,5,5,5,5,4,210,0,0,0,0,0,1,0,0,0,0,0,0,1,1,1,1,1,1,1,1,32,0,1,3
620,3,2,5,1,4,3,4,2,4,3,4,3,140,0,0,0,0,0,0,0,0,0,0,1,0,0,1,0,0,1,1,1,0,37,0,1,2
621,3,3,2,1,3,3,3,4,6,2,2,4,300,0,0,0,1,0,0,0,0,0,0,0,0,1,1,0,1,1,1,1,1,42,0,2,3
622,5,5,5,1,3,5,4,4,3,6,4,7,300,1,0,0,0,0,0,0,0,1,0,0,0,1,0,0,0,0,1,0,1,27,1,2,3
623,3,4,4,5,3,6,4,7,4,5,6,6,190,1,0,0,0,0,0,1,0,0,0,0,0,1,0,1,1,0,0,1,1,26,1,2,4
624,2,1,3,7,3,3,3,3,5,2,3,3,170,0,0,0,1,0,0,0,0,0,0,0,0,1,0,0,0,1,1,0,1,40,0,2,3
625,6,5,4,3,3,2,3,3,3,5,3,3,190,1,0,0,0,0,0,0,0,0,0,0,1,0,0,0,0,0,1,0,0,40,1,1,2
626,5,4,6,4,5,4,5,5,6,4,5,5,140,1,0,0,0,1,0,0,0,0,0,0,0,1,1,1,0,0,1,0,1,30,0,1,2
627,4,4,4,6,3,4,3,3,1,3,4,4,260,1,0,0,0,1,0,0,0,0,0,0,0,1,0,0,0,1,1,0,0,39,0,1,3
628,3,4,3,3,3,2,3,2,4,2,1,4,190,0,0,0,0,0,0,0,1,0,0,0,0,0,0,0,0,0,1,0,0,42,1,1,3
629,5,6,4,5,3,4,7,4,3,7,5,5,270,1,0,0,0,0,0,0,0,1,0,0,0,1,0,1,1,1,1,1,0,37,1,2,4
630,2,4,3,5,3,5,5,5,3,3,3,4,160,0,1,0,0,0,0,0,0,0,0,0,1,1,1,0,1,0,1,0,0,36,1,2,5
631,3,3,4,2,3,4,3,4,4,2,3,3,150,1,0,0,0,0,0,0,0,0,0,1,0,0,0,0,0,0,1,0,0,41,0,2,3
632,6,7,4,1,3,4,4,4,2,5,3,5,190,1,0,0,0,0,0,1,0,0,0,0,0,1,1,0,1,1,1,1,0,36,1,1,4
633,7,7,5,2,4,3,4,2,2,6,4,4,240,1,0,0,0,0,0,0,0,0,0,0,0,0,1,0,0,1,1,1,0,38,0,1,3
634,4,6,3,5,3,1,4,1,1,3,1,4,240,1,0,0,0,0,0,0,0,0,1,0,0,0,1,0,0,1,1,1,1,37,1,1,3
635,4,3,4,5,3,5,5,4,3,6,4,6,250,1,0,0,0,0,0,0,0,0,1,0,0,1,0,0,1,0,1,0,0,31,0,2,4
636,6,3,1,5,2,1,3,3,3,2,1,4,240,0,0,0,0,0,0,0,0,0,1,0,0,0,0,0,0,0,1,0,1,38,0,1,3
637,1,6,6,1,4,4,1,1,3,1,3,4,170,0,0,0,0,1,0,0,0,0,0,0,0,1,1,0,1,1,1,0,1,44,0,2,3
638,7,7,4,7,4,2,3,2,2,4,3,4,180,0,0,0,0,0,0,0,0,0,0,0,1,0,1,0,0,0,1,0,1,42,1,2,4
639,3,2,5,3,4,3,3,1,3,3,3,4,270,0,0,0,0,0,0,0,0,0,0,0,1,0,0,0,0,0,1,0,1,40,1,2,3
640,5,3,3,5,2,4,7,6,2,5,4,3,220,0,0,0,0,0,0,0,0,1,0,0,0,1,1,0,1,1,1,1,1,39,0,1,5
641,4,3,4,5,3,5,7,4,3,6,5,6,200,1,0,0,0,0,0,0,0,0,1,0,0,1,0,1,1,1,0,1,1,34,0,2,4
642,4,6,5,4,4,3,3,3,4,3,3,4,260,1,0,1,0,0,0,0,0,0,0,0,0,0,0,0,0,0,1,0,1,39,0,2,3
643,6,4,7,5,5,5,7,4,3,7,4,6,180,1,0,0,0,0,0,0,0,0,1,0,0,1,0,1,1,1,0,1,1,34,0,2,3
644,5,5,1,7,2,4,7,7,1,5,3,5,320,1,0,0,0,0,0,0,0,1,0,0,0,1,1,0,1,1,0,1,0,34,0,1,5
645,2,7,4,4,3,6,4,4,3,7,5,7,240,1,0,0,0,0,0,0,0,0,1,0,0,1,0,1,1,1,1,1,1,31,1,2,5
646,6,3,7,4,3,4,4,4,2,4,3,5,170,1,0,0,0,1,0,0,0,0,0,0,0,1,0,0,1,1,1,1,0,40,1,1,2
647,4,4,7,5,4,3,3,3,4,4,3,3,180,0,0,0,0,0,1,0,0,0,0,0,0,0,0,0,0,0,1,0,0,32,0,1,3
648,4,5,6,2,5,4,5,3,4,5,5,4,150,0,0,0,0,0,0,0,0,0,0,0,0,1,0,1,0,1,1,0,0,33,0,2,2
649,5,5,3,5,4,5,7,4,3,7,4,5,280,1,1,0,0,0,0,0,0,0,1,0,0,1,0,1,1,1,0,1,1,36,1,2,3
650,6,5,4,5,5,4,5,3,6,5,5,4,100,1,0,0,0,0,0,1,0,0,0,0,0,1,0,1,1,0,1,0,1,31,1,1,2
651,3,4,1,3,2,3,4,1,3,3,4,4,180,0,0,0,0,0,0,1,0,0,0,0,0,1,0,0,1,0,1,1,0,39,0,1,2
652,4,6,6,5,7,6,7,3,3,4,4,5,220,0,0,0,0,1,0,0,0,0,0,0,0,0,1,1,1,1,1,0,0,31,1,1,2
653,5,6,5,5,2,5,4,4,3,7,5,7,280,1,0,0,0,0,0,0,0,0,1,0,0,1,0,1,0,1,1,1,1,31,1,2,5
654,5,5,6,5,3,4,5,3,5,5,5,5,210,0,0,0,0,0,0,0,0,0,1,0,0,1,0,1,0,0,1,0,1,28,1,1,3
655,2,4,1,4,4,5,2,4,2,4,3,3,210,1,0,0,0,0,0,0,0,1,0,0,0,1,1,0,1,1,1,1,0,37,1,1,5
656,4,4,5,4,3,4,3,3,3,3,4,4,190,0,0,0,0,0,0,0,0,0,0,1,0,1,0,0,0,0,1,0,0,39,0,1,4
657,4,6,1,7,1,4,7,5,1,5,3,3,200,0,0,0,0,0,0,0,0,1,0,0,0,1,1,0,0,1,1,0,0,42,1,1,5
658,4,6,5,4,1,4,4,4,3,7,5,5,240,1,1,0,0,0,0,0,0,0,1,0,0,1,0,1,1,1,0,1,1,36,1,2,3
659,4,4,2,2,3,2,3,1,5,3,3,4,160,0,0,0,0,0,0,1,0,0,0,0,0,1,1,0,1,1,1,1,0,39,1,1,4
660,4,7,5,5,1,4,7,4,1,6,3,4,250,1,1,0,0,0,0,0,0,1,0,0,0,1,0,0,0,1,1,0,1,37,1,2,5
661,2,1,4,1,3,3,3,3,4,3,4,3,110,0,0,0,0,0,0,1,0,0,0,0,0,1,0,0,0,0,1,0,1,34,0,1,3
662,3,4,4,4,5,3,4,4,5,3,3,5,200,0,0,0,0,0,0,0,1,0,0,0,0,1,1,0,1,1,1,1,0,39,1,1,4
663,6,6,7,6,7,3,5,2,5,5,5,4,160,0,0,0,0,0,0,0,0,0,1,0,0,1,0,1,0,0,1,0,1,25,1,1,2
664,3,3,5,2,7,4,4,3,4,3,4,4,220,0,0,0,0,1,0,0,0,0,0,0,0,1,0,0,0,1,1,0,1,40,1,1,2
665,6,7,7,5,7,5,7,4,5,5,5,5,230,1,0,0,0,0,1,0,0,0,0,0,0,1,1,1,1,1,0,0,0,27,1,1,2
666,1,4,3,4,1,5,5,5,2,4,4,3,170,1,0,0,0,0,0,0,0,1,0,0,0,1,1,0,1,1,1,1,0,39,0,1,5
667,4,4,7,4,6,7,7,4,4,7,4,6,210,1,0,0,0,0,0,0,0,0,1,0,0,1,0,1,1,1,1,1,1,36,1,2,5
668,3,5,4,5,3,4,5,4,3,6,4,5,240,1,0,0,0,0,0,0,0,0,1,0,0,1,0,1,1,1,0,1,0,35,0,2,5
669,3,6,1,7,1,3,7,6,3,2,1,4,240,0,0,0,0,0,0,0,0,1,0,0,0,1,0,0,0,0,1,0,1,36,0,1,5
670,2,4,3,4,2,3,4,4,3,4,3,4,170,0,0,0,1,0,0,0,0,0,0,0,0,1,1,0,0,0,1,0,0,43,1,2,3
671,4,5,5,5,4,5,7,4,3,6,5,5,210,1,1,0,0,0,0,0,0,0,1,0,0,1,0,1,1,1,1,0,0,37,1,2,5
672,3,5,5,5,3,3,4,4,5,7,3,6,280,0,0,1,0,0,0,0,0,0,0,0,0,1,0,0,0,1,1,0,1,40,0,1,3
673,2,3,3,3,3,3,3,3,6,2,2,3,170,0,0,0,0,0,0,0,0,0,0,1,0,1,1,0,1,1,1,0,0,43,0,1,3
674,6,5,7,5,6,5,7,4,5,5,5,5,200,1,0,0,0,0,0,0,0,0,1,0,0,0,1,1,1,1,0,0,0,25,1,1,2
675,4,4,7,4,6,3,4,3,6,3,3,5,160,0,0,0,0,0,1,0,0,0,0,0,0,1,1,0,1,1,1,1,0,32,0,1,4
676,7,5,3,5,3,1,3,1,6,3,3,4,280,0,0,0,0,0,0,0,0,0,1,0,0,0,0,0,0,0,1,0,1,39,0,1,3
677,2,2,5,1,4,3,3,2,6,3,4,3,110,0,0,0,0,0,0,1,0,0,0,0,0,0,0,0,0,0,1,0,0,34,0,1,2
678,5,6,3,6,3,4,7,5,1,2,2,3,320,0,0,0,0,0,0,0,0,1,0,0,0,1,1,0,0,0,1,0,0,41,0,2,5
679,5,5,4,5,3,2,3,2,6,3,3,3,150,0,0,0,0,1,0,0,0,0,0,0,0,1,1,0,1,1,1,1,0,39,0,2,2
680,3,4,5,4,4,3,3,1,1,3,3,3,260,0,0,0,0,1,0,0,0,0,0,0,0,1,1,1,1,1,1,1,0,40,1,1,4
681,4,6,5,4,3,5,4,4,3,6,5,6,240,1,0,0,0,0,0,0,0,0,1,0,0,1,0,1,1,1,0,1,1,31,1,1,3
682,5,4,5,3,4,2,3,2,1,4,4,3,290,0,0,0,0,0,0,0,0,0,1,0,0,0,0,0,0,0,1,0,1,32,0,1,3
683,2,7,2,7,2,3,3,5,3,1,2,3,200,1,1,0,0,0,0,0,0,1,0,0,0,0,0,0,0,0,1,0,1,43,0,2,5
684,2,4,5,4,4,3,4,2,6,3,2,4,220,0,0,0,0,0,0,0,1,0,0,0,0,1,0,0,1,0,1,0,0,41,0,1,4
685,3,3,4,4,3,3,4,2,3,3,2,4,200,0,0,0,0,0,0,0,0,0,0,0,1,1,1,0,1,1,1,1,1,44,1,1,4
686,3,3,2,5,2,3,4,5,1,1,1,3,210,1,0,0,0,0,0,0,0,1,0,0,0,1,1,0,1,1,1,1,1,42,0,1,5
687,5,4,2,7,2,3,7,5,1,3,2,4,200,0,0,0,0,0,0,0,0,1,0,0,0,1,0,0,1,1,1,1,0,39,1,1,3
688,4,6,6,3,4,6,3,5,2,5,7,6,170,1,0,0,0,0,0,0,0,0,0,0,0,0,1,1,1,0,0,1,1,29,1,1,5
689,2,6,2,4,2,4,3,5,1,4,2,4,340,1,1,0,0,0,0,0,0,1,0,0,0,0,0,0,0,0,1,0,1,43,1,2,5
690,5,6,3,5,2,4,7,7,2,5,4,5,370,1,0,0,0,0,0,0,0,0,1,0,0,0,0,0,0,0,1,0,1,35,0,1,3
691,3,3,1,5,1,3,4,6,2,3,2,4,330,1,1,0,0,0,0,0,0,0,1,0,0,1,1,0,1,1,1,1,1,35,1,1,3
692,6,3,4,5,4,2,3,2,3,4,4,4,220,0,0,0,0,0,1,0,0,0,0,0,0,1,1,0,1,1,1,1,0,34,0,1,2
693,2,3,4,1,3,3,4,3,4,2,3,3,130,0,0,0,0,0,0,1,0,0,0,0,0,1,1,0,1,1,1,1,0,36,0,1,3
694,3,3,5,5,3,6,4,5,3,5,6,4,250,1,0,0,0,0,0,0,0,0,0,1,0,1,1,1,1,0,0,1,1,30,1,1,4
695,2,3,3,4,2,5,4,6,4,4,3,4,200,0,0,0,0,0,0,0,0,0,1,0,0,1,1,0,0,0,1,0,0,43,0,1,5
696,6,5,4,5,3,4,7,4,3,6,4,5,210,1,0,0,0,0,0,0,0,0,1,0,0,1,0,1,1,1,0,1,0,35,1,1,5
697,3,6,1,5,1,3,4,5,2,3,2,4,170,1,0,0,0,0,0,0,0,0,1,0,0,0,0,0,0,0,1,0,0,33,0,1,3
698,3,4,5,5,4,3,4,4,3,4,4,5,200,0,0,0,0,0,0,0,1,0,0,0,0,0,1,0,0,0,1,0,1,42,0,1,2
699,3,3,2,4,2,4,4,6,1,4,3,3,190,0,0,0,0,0,0,0,0,0,0,0,1,1,0,0,1,0,1,0,1,36,0,1,3
700,4,3,5,2,3,6,3,6,3,5,6,6,240,1,0,0,0,0,0,0,0,0,0,1,0,1,0,1,1,0,0,1,0,27,0,1,4
701,6,5,4,5,3,2,3,3,3,4,3,4,190,0,0,0,0,0,0,0,0,0,0,0,0,0,0,0,0,0,1,0,1,43,1,1,3
702,4,6,4,4,3,4,4,4,4,6,5,4,210,1,0,0,0,0,0,0,0,0,0,1,0,1,1,1,1,0,0,1,1,30,1,1,5
703,5,5,6,5,4,5,7,4,3,7,4,7,250,1,0,0,0,0,0,0,0,0,1,0,0,1,0,1,1,1,0,1,0,25,0,1,5
704,5,5,3,5,3,4,4,5,5,2,3,3,220,0,0,0,0,1,0,0,0,0,0,0,0,1,1,0,1,1,1,1,1,41,0,2,3
705,5,6,6,5,4,6,7,4,3,7,4,7,190,1,0,0,0,0,0,0,0,0,1,0,0,1,0,1,1,0,1,0,0,33,0,2,4
706,2,5,1,4,4,3,4,4,3,4,2,3,190,1,0,0,0,0,0,0,0,0,0,0,1,1,1,0,0,1,1,1,0,39,0,2,4
707,3,4,4,4,1,3,4,3,4,3,2,4,250,0,0,0,0,0,0,0,1,0,0,0,0,1,1,0,1,1,1,1,0,39,1,1,3
708,6,7,4,7,3,2,4,3,6,4,3,4,230,0,0,0,1,0,0,0,0,0,0,0,0,1,1,0,1,1,1,1,1,43,0,1,3
709,3,2,5,1,3,4,4,3,3,2,4,3,230,0,0,0,0,0,0,0,0,0,0,0,0,0,0,0,0,0,1,0,1,41,0,1,3
710,5,6,4,5,1,4,4,5,1,5,4,5,220,0,1,0,0,0,0,0,0,0,1,0,0,1,1,0,1,1,1,0,1,42,0,2,4
711,3,4,3,4,5,2,3,2,6,2,1,3,260,0,0,0,0,0,0,0,0,0,0,0,1,1,1,0,1,1,1,1,1,43,1,1,3
712,6,5,3,5,6,2,3,3,3,3,2,4,240,0,0,1,0,0,0,0,0,0,0,0,0,1,1,0,1,1,1,1,1,41,1,2,3
713,2,4,2,5,3,4,4,5,3,4,2,4,310,1,0,0,0,0,0,0,0,0,1,0,0,1,1,0,1,0,1,1,0,35,0,1,3
714,4,6,4,4,4,4,4,4,3,7,4,4,280,1,1,0,0,0,0,0,0,0,1,0,0,1,0,0,0,1,1,0,0,34,0,2,3
715,7,6,3,5,4,1,3,2,6,3,3,4,250,0,0,0,0,0,0,0,0,0,1,0,0,0,0,0,0,0,1,0,0,33,0,1,3
716,3,5,3,4,7,4,3,4,3,5,4,5,210,0,0,0,0,0,0,0,0,0,0,0,0,1,1,0,1,1,1,1,0,39,0,2,2
717,4,3,6,3,3,6,3,4,5,5,7,4,210,0,0,0,0,0,0,0,0,0,0,1,0,1,1,1,1,0,0,1,1,25,0,1,2
718,2,3,4,3,6,3,3,4,4,3,4,4,150,0,0,0,0,0,0,1,0,0,0,0,0,1,0,0,1,0,1,1,1,34,0,1,3
719,3,4,2,4,4,3,2,5,1,3,2,3,200,1,0,0,0,0,0,0,0,0,1,0,0,1,1,0,0,1,1,0,1,38,1,1,5
720,6,4,3,3,5,2,5,4,5,5,4,5,180,1,0,0,0,0,0,0,0,0,0,1,0,1,0,1,0,1,1,0,1,35,0,1,2
721,4,6,7,5,3,6,5,4,3,6,5,6,210,1,0,0,0,0,0,0,0,0,1,0,0,1,0,0,0,0,1,0,1,33,0,1,5
722,4,4,6,3,5,3,3,1,4,4,4,4,160,0,0,0,0,0,0,1,0,0,0,0,0,0,0,0,0,0,1,0,1,34,0,1,2
723,5,5,3,4,5,4,5,3,4,5,5,5,220,0,0,0,0,1,0,0,0,0,0,0,0,0,1,1,1,1,1,0,1,35,1,1,2
724,6,5,7,5,5,3,5,3,5,5,5,4,190,0,0,0,0,0,0,0,0,0,1,0,0,1,1,1,1,1,0,0,0,25,1,1,4
725,4,5,5,5,3,5,4,4,3,5,4,6,350,1,1,0,0,0,0,0,0,0,0,1,0,1,0,1,0,0,1,0,1,35,1,2,3
726,4,4,6,4,4,3,3,2,3,4,4,4,210,0,0,0,0,1,0,0,0,0,0,0,0,0,0,0,0,0,1,0,1,39,0,1,2
727,4,6,4,4,3,5,3,4,3,6,4,6,220,1,0,0,0,0,0,0,0,0,0,1,0,1,0,1,1,1,1,1,1,33,1,1,5
728,4,5,6,5,5,4,5,2,3,5,5,4,210,1,0,0,0,0,0,0,0,0,0,1,0,1,1,1,1,1,0,0,0,29,0,1,3
729,6,5,2,4,3,2,3,3,4,3,3,4,150,0,0,0,0,0,0,1,0,0,0,0,0,0,0,0,0,0,1,0,1,35,1,1,2
730,6,6,3,6,3,1,3,1,2,3,2,4,230,0,0,0,0,0,0,0,0,0,1,0,0,1,1,0,1,1,1,1,0,41,0,1,4
731,6,4,1,3,4,3,3,2,3,5,3,4,280,0,0,0,0,0,0,0,0,0,0,0,0,1,0,0,1,0,1,1,1,36,1,1,3
732,3,3,1,1,5,4,2,1,3,2,3,3,200,0,0,0,0,1,0,0,0,0,0,0,0,1,1,0,1,1,1,1,1,38,1,2,3
733,1,5,3,7,2,5,5,7,2,5,2,4,250,0,1,0,0,0,0,0,0,0,1,0,0,1,1,0,1,1,1,0,1,45,1,2,3
734,3,6,1,5,2,3,3,5,1,3,1,3,220,1,0,0,0,0,0,0,0,0,1,0,0,0,1,0,0,0,1,0,1,34,1,1,4
735,5,6,1,6,3,1,3,1,2,3,1,4,180,0,0,0,0,0,0,0,1,0,0,0,0,0,0,0,0,1,1,0,1,40,1,1,3
736,4,5,1,5,4,6,2,4,3,5,7,4,190,1,0,0,0,0,0,0,0,0,0,1,0,1,1,1,1,0,0,1,1,27,1,2,5
737,5,5,1,5,3,5,2,5,2,5,6,4,190,1,0,0,0,0,0,0,0,0,0,1,0,1,1,1,1,0,0,0,1,31,1,2,5
738,3,4,3,4,3,3,3,3,3,2,2,4,170,1,0,0,0,0,0,0,0,0,0,0,0,1,1,0,1,1,1,1,1,40,1,2,3
739,5,5,5,5,3,2,3,2,2,3,2,4,270,0,0,0,0,0,0,0,0,0,0,0,1,1,0,0,1,0,1,1,0,40,1,1,3
740,5,5,3,5,3,1,3,2,3,3,2,4,130,0,0,0,0,0,0,0,1,0,0,0,0,1,1,0,1,1,1,1,0,40,0,1,1
741,2,4,1,5,1,4,5,7,3,4,2,3,340,0,1,0,0,0,0,0,0,0,1,0,0,0,1,0,0,1,1,0,0,41,0,2,5
742,3,2,3,2,3,3,3,4,5,2,2,3,240,1,0,0,1,0,0,0,0,0,0,0,0,1,1,0,1,1,1,1,1,39,0,2,3
743,4,4,6,4,1,4,3,3,3,3,3,4,260,1,0,0,0,0,0,0,0,1,0,0,0,1,1,0,1,1,1,1,1,40,0,2,3
744,5,4,5,4,5,3,3,2,6,4,4,3,160,0,0,0,0,0,0,1,0,0,0,0,0,0,0,0,0,0,1,0,0,33,1,1,4
745,3,4,3,4,5,4,3,4,1,5,4,5,220,1,0,0,1,0,0,0,0,0,0,0,0,1,0,0,1,1,1,1,1,40,0,2,2
746,6,5,5,4,7,4,5,4,2,5,5,5,260,0,0,0,0,0,0,0,0,0,1,0,0,1,0,1,0,0,1,0,0,25,0,1,3
747,6,5,7,5,5,6,5,4,3,5,6,6,190,1,0,0,0,0,0,0,0,0,0,1,0,1,0,0,0,0,1,0,1,25,0,1,5
748,6,5,5,5,6,3,3,2,2,5,4,4,260,0,0,0,0,0,0,0,0,0,1,0,0,1,0,0,1,0,1,1,0,34,0,1,4
749,3,5,3,4,6,3,3,4,1,4,3,5,190,0,0,0,0,0,0,0,1,0,0,0,0,1,1,0,1,1,1,1,0,40,0,1,2
750,4,5,4,5,5,4,5,4,3,6,5,4,150,1,0,0,0,0,0,1,0,0,0,0,0,1,1,1,1,0,0,1,1,27,0,1,2
751,4,3,6,1,2,3,4,1,4,4,3,3,200,0,0,0,0,0,0,0,0,0,1,0,0,0,0,0,0,0,1,0,0,33,1,1,3
752,2,3,3,3,7,3,3,3,4,2,3,4,170,0,0,0,0,0,0,1,0,0,0,0,0,1,1,0,1,1,1,1,1,41,0,1,3
753,7,6,6,4,5,5,5,4,3,7,6,7,240,1,0,0,0,0,0,0,0,0,0,0,1,1,0,1,1,1,0,1,1,25,1,1,5
754,5,5,3,5,7,4,5,3,3,6,5,6,230,1,0,1,0,0,0,0,0,0,0,0,0,1,0,1,0,1,1,0,1,33,1,1,4
755,5,5,3,5,4,2,3,2,2,3,2,4,230,0,0,0,0,0,0,0,0,1,0,0,0,1,1,0,1,1,1,0,0,43,0,2,3
756,4,5,4,4,1,5,4,4,3,6,6,6,250,1,1,0,0,0,0,0,0,0,0,0,1,1,0,1,1,1,1,1,1,33,1,2,5
757,4,5,2,5,1,4,5,6,2,4,3,3,310,1,1,0,0,0,0,0,0,0,1,0,0,0,1,0,1,0,1,1,0,35,0,2,3
758,3,2,3,1,2,2,3,2,6,2,3,3,140,1,0,0,0,0,0,1,0,0,0,0,0,0,0,0,0,0,1,0,0,41,0,1,3
759,5,5,4,6,5,7,3,5,3,5,7,4,230,1,0,0,0,0,0,1,0,0,0,0,0,1,1,1,1,0,0,1,0,25,1,1,2
760,4,3,5,3,4,4,3,3,4,4,4,4,150,0,0,0,1,0,0,0,0,0,0,0,0,1,1,0,1,1,1,0,0,45,1,2,3
761,4,6,6,5,4,6,5,4,3,7,5,5,240,1,0,0,0,0,0,0,0,0,0,0,1,1,0,0,0,0,1,0,1,31,1,1,3
762,5,1,7,2,7,5,5,2,4,5,4,4,220,1,0,0,0,0,0,0,0,1,0,0,0,1,0,1,0,1,1,0,1,33,0,1,4
763,3,6,4,3,4,3,3,2,4,3,3,3,210,1,0,0,0,0,0,1,0,0,0,0,0,0,1,0,0,1,1,1,1,37,0,1,2
764,3,1,3,1,3,2,2,3,6,2,3,3,190,1,0,0,0,0,0,1,0,0,0,0,0,1,0,0,1,0,1,1,1,33,1,1,2
765,3,4,4,4,3,3,3,3,4,2,2,4,220,1,0,0,0,0,0,0,1,0,0,0,0,1,1,0,0,0,1,0,0,41,0,2,2
766,4,3,5,4,4,4,3,4,4,4,4,4,210,0,0,0,0,0,1,0,0,0,0,0,0,0,1,0,0,1,1,1,0,37,1,1,3
767,4,6,7,5,5,4,5,1,3,5,5,4,220,1,0,0,0,0,0,0,0,0,0,0,1,1,1,1,1,1,1,0,1,31,0,1,3
768,4,2,4,6,4,7,2,7,3,5,6,4,170,0,0,0,0,0,0,0,1,0,0,0,0,1,1,1,1,0,0,1,0,25,1,1,2
769,3,6,5,4,4,6,3,7,3,5,6,4,200,1,0,0,0,0,0,0,1,0,0,0,0,1,0,1,1,0,0,0,0,24,1,1,4
770,4,5,5,6,4,3,3,4,4,3,3,3,170,1,0,0,0,0,0,0,0,0,0,1,0,1,0,0,1,0,1,1,0,34,0,1,2
771,4,5,6,7,4,6,4,6,2,5,6,4,240,0,0,0,0,0,0,0,1,0,0,0,0,1,1,1,1,0,0,1,1,24,1,1,5
772,4,5,7,2,5,4,4,1,4,4,3,3,210,0,0,0,0,0,0,0,0,0,1,0,0,0,0,0,0,0,1,0,0,33,1,1,3
773,5,3,6,5,4,5,3,3,3,5,6,4,160,0,0,0,0,0,0,0,0,1,0,0,0,1,1,1,1,0,0,1,1,25,1,1,5
774,6,7,4,5,3,4,5,4,3,6,4,7,230,1,0,0,0,0,0,0,0,0,0,0,1,1,0,0,1,1,1,1,1,34,0,1,3
775,3,3,3,4,3,2,3,3,4,2,1,4,180,1,0,0,0,0,0,1,0,0,0,0,0,1,1,0,1,1,1,1,0,42,1,1,4
776,5,2,4,1,4,2,3,2,3,4,3,3,230,1,0,0,0,0,1,0,0,0,0,0,0,0,0,0,0,0,1,0,0,34,0,1,3
777,4,6,4,3,3,3,3,3,1,3,3,4,250,0,0,0,0,0,0,0,0,0,0,1,0,1,0,0,1,1,1,1,1,40,0,1,3
778,4,3,4,3,5,7,3,5,2,5,7,4,240,1,0,0,0,0,0,0,0,1,0,0,0,1,0,0,1,0,0,0,1,25,0,1,4
779,2,5,5,5,3,6,4,4,3,7,4,6,280,1,1,0,0,0,0,0,0,0,0,0,1,1,0,0,1,1,1,1,1,37,0,2,4
780,3,4,2,4,2,4,5,4,1,5,4,4,220,0,1,0,0,0,0,0,0,0,0,1,0,0,1,0,1,1,1,1,1,41,1,2,4
781,6,6,3,5,3,5,5,4,3,6,4,7,280,1,0,0,0,0,0,0,0,0,0,0,1,1,0,0,1,1,0,1,1,27,1,1,5
782,3,4,2,4,2,3,3,5,1,1,1,3,210,0,0,0,0,0,0,0,0,0,0,1,0,0,1,0,1,1,0,1,0,40,0,1,3
783,5,4,7,3,5,4,5,3,5,5,5,5,270,0,0,0,0,0,1,0,0,0,0,0,0,0,0,1,0,0,1,0,1,28,0,1,3
784,4,6,6,1,4,4,5,4,3,7,6,6,250,1,0,0,0,0,0,0,0,0,0,0,0,1,0,0,0,1,1,1,1,25,0,1,5
785,5,6,4,3,3,2,3,4,3,5,4,5,220,0,0,0,0,0,0,0,0,0,1,0,0,0,0,0,0,0,1,0,1,32,0,1,3
786,3,3,3,6,3,4,2,1,1,2,2,4,170,0,0,0,0,0,0,0,0,0,0,1,0,1,1,0,1,1,1,1,0,39,1,1,4
787,2,5,2,7,2,3,3,5,1,3,2,4,320,0,1,0,0,0,0,0,0,0,0,1,0,0,1,0,0,0,1,0,1,39,1,1,5
788,5,4,7,2,5,4,5,2,3,5,5,5,210,0,0,0,0,0,0,0,0,0,0,0,1,1,0,1,1,0,1,1,0,32,0,1,4
789,3,4,5,4,4,6,3,6,4,5,7,6,160,1,0,0,0,0,0,0,0,1,0,0,0,1,0,1,1,1,0,1,1,25,1,1,5
790,2,5,5,4,3,3,3,4,3,4,3,4,260,0,0,1,0,0,0,0,0,0,0,0,0,0,0,0,0,0,1,0,0,46,1,2,3
791,3,5,4,2,3,6,5,6,3,5,6,4,200,0,0,0,0,0,0,0,0,1,0,0,0,0,1,1,1,0,0,1,1,30,1,1,5
792,4,5,5,7,4,7,4,5,3,4,4,5,230,1,0,0,0,0,0,0,0,0,0,0,0,1,0,0,1,1,1,1,1,32,1,1,5
793,4,5,5,5,3,2,4,4,3,7,6,6,230,1,0,0,0,0,0,0,0,0,0,0,0,1,0,0,0,0,1,0,1,35,0,1,3
794,2,3,5,4,3,2,2,4,5,7,3,5,130,1,0,0,0,0,0,1,0,0,0,0,0,0,0,0,0,0,1,0,0,33,0,1,3
795,6,6,7,7,5,1,3,1,2,5,3,4,210,0,0,0,0,0,1,0,0,0,0,0,0,1,1,0,1,1,1,1,0,33,1,1,3
796,3,5,3,5,3,4,2,4,4,5,3,5,220,0,0,0,0,0,0,0,0,1,0,0,0,1,1,0,0,0,1,0,0,42,0,1,3
797,6,4,6,4,4,6,5,1,3,5,5,5,190,1,0,0,0,0,0,0,0,1,0,0,0,0,0,1,0,0,1,0,1,33,1,2,3
798,4,5,4,2,3,7,5,4,5,6,6,4,210,0,0,0,0,0,0,0,0,1,0,0,0,1,1,1,1,0,0,0,1,29,0,1,5
799,3,5,5,2,3,7,5,6,4,5,6,6,250,0,0,0,0,0,0,0,0,1,0,0,0,1,1,1,1,0,0,1,1,29,0,1,5
800,1,2,4,2,3,3,3,3,4,2,3,3,150,0,0,0,0,1,0,0,0,0,0,0,0,1,1,1,1,1,1,0,0,45,1,1,4
801,4,6,2,5,2,4,5,6,2,4,3,4,310,1,1,0,0,0,0,0,0,0,0,0,1,0,1,0,1,1,1,1,1,37,0,2,4
802,3,4,5,4,4,3,4,2,3,3,3,4,240,1,0,0,0,0,0,0,0,0,1,0,0,1,0,1,1,0,1,1,0,34,0,1,3
803,3,5,5,5,3,6,5,3,2,6,5,4,160,0,0,0,0,0,0,0,0,1,0,0,0,1,1,1,1,1,0,0,1,24,1,1,2
804,2,6,3,5,2,4,5,4,1,5,2,4,160,0,0,0,0,0,0,0,0,0,0,0,1,0,1,0,1,1,1,1,1,44,1,1,3
805,3,4,5,4,3,6,5,6,4,5,6,4,220,0,0,0,0,0,0,0,0,1,0,0,0,1,1,1,1,1,0,1,1,29,1,1,5
806,3,5,4,6,3,3,3,4,4,2,2,3,210,0,0,0,0,1,0,0,0,0,0,0,0,1,1,0,0,0,1,0,1,44,0,1,3
807,4,4,5,3,4,4,3,4,5,3,3,3,250,1,0,0,0,0,1,0,0,0,0,0,0,0,0,0,0,0,1,0,1,35,0,1,3
808,2,2,4,1,3,3,2,3,5,2,3,3,200,0,0,0,0,0,0,1,0,0,0,0,0,0,0,0,0,0,1,0,0,39,1,1,3
809,4,6,6,5,4,6,5,4,3,7,6,6,250,1,0,0,0,0,0,0,0,0,0,0,0,1,0,0,0,1,1,1,1,34,1,2,3
810,3,5,3,4,2,4,3,4,1,6,4,4,340,1,1,0,0,0,0,0,0,0,0,0,1,0,1,0,1,1,1,1,1,39,0,2,5
811,2,3,2,4,2,4,3,4,1,4,4,4,330,1,1,0,0,0,0,0,0,0,0,0,1,0,1,0,1,1,1,1,0,38,0,1,4
812,6,6,5,5,4,3,3,2,2,4,4,4,220,0,0,1,0,0,0,0,0,0,0,0,0,1,1,1,1,1,1,0,0,43,1,2,4
813,5,5,4,4,3,4,3,4,5,3,4,3,150,0,0,0,0,0,0,0,0,0,0,1,0,0,0,0,0,0,1,0,0,41,0,1,3
814,4,4,4,3,3,4,3,4,5,6,6,4,180,0,0,0,0,0,0,0,0,1,0,0,0,1,1,1,1,0,0,1,1,30,1,1,2
815,4,4,5,4,4,4,3,4,3,4,3,4,140,0,0,0,0,0,0,0,0,0,0,0,1,1,1,0,0,0,1,0,0,44,1,1,2
816,4,5,3,5,2,4,5,5,2,5,4,2,230,0,1,0,0,0,0,0,0,0,0,0,1,0,1,0,0,0,1,0,0,38,0,2,3
817,3,5,6,4,4,6,4,6,5,5,6,4,160,1,0,0,0,0,0,0,0,1,0,0,0,1,1,1,1,0,0,0,1,26,0,1,5
818,4,5,4,4,3,4,5,4,3,6,4,5,290,1,0,0,0,0,0,0,0,0,0,0,0,1,0,0,1,1,0,1,1,32,0,2,5
819,3,5,3,4,3,3,3,3,3,4,3,5,150,0,0,0,0,0,0,1,0,0,0,0,0,1,1,0,1,1,1,1,0,40,0,1,2
820,4,7,4,4,5,7,3,5,4,5,7,4,240,0,0,0,0,0,0,0,0,0,0,0,1,1,1,1,1,1,0,1,1,28,0,1,4
821,4,5,3,5,2,4,4,4,6,2,2,4,140,0,0,0,0,0,0,1,0,0,0,0,0,0,0,0,0,1,1,0,0,40,1,1,4
822,3,3,4,4,3,2,3,1,6,3,2,3,200,1,0,0,0,0,1,0,0,0,0,0,0,1,0,0,1,0,1,1,1,35,1,1,3
823,1,6,5,4,3,6,7,4,3,7,5,6,250,1,0,0,0,0,0,0,0,0,0,0,0,1,0,0,0,0,1,0,1,31,0,2,5
824,3,1,6,2,5,3,3,1,3,4,3,3,180,1,0,0,0,0,0,1,0,0,0,0,0,1,0,0,1,0,1,1,0,33,0,1,2
825,3,7,3,3,3,4,3,3,5,6,3,4,250,0,0,1,0,0,0,0,0,0,0,0,0,1,1,0,1,1,1,0,0,46,1,2,3
826,3,5,6,4,4,4,4,3,6,2,3,3,140,0,0,0,0,0,0,0,1,0,0,0,0,1,1,0,1,1,1,1,0,41,0,1,4
827,4,1,5,1,4,3,4,2,1,4,3,3,220,1,0,0,0,0,0,0,0,0,0,1,0,1,0,0,1,0,1,1,1,38,1,1,3
828,5,4,1,7,1,4,5,7,3,4,2,2,160,1,0,0,0,0,0,0,0,0,0,0,1,0,1,0,1,1,1,0,0,45,0,1,5
829,4,5,6,3,4,6,3,5,4,5,7,6,150,1,0,0,0,0,0,0,0,0,0,0,1,1,1,0,1,0,0,0,1,26,1,1,5
830,5,5,7,5,5,7,5,4,4,7,6,7,230,1,0,0,0,0,0,0,0,0,0,0,0,1,0,0,1,0,1,1,1,25,1,2,4
831,4,4,3,4,3,4,3,4,6,6,4,5,220,0,0,0,0,0,0,0,1,0,0,0,0,1,1,0,1,1,1,1,0,35,0,1,3
832,4,2,2,6,2,4,5,6,4,4,3,2,200,0,0,0,0,0,0,0,0,0,0,0,1,0,1,0,1,1,0,1,0,30,1,1,3
833,6,5,7,3,6,5,5,3,6,6,4,5,210,1,0,0,0,0,1,0,0,0,0,0,0,0,0,1,0,0,1,0,0,25,0,1,4
834,4,1,5,5,4,5,2,4,3,5,6,4,210,0,0,0,0,0,0,0,0,0,0,0,0,1,1,1,1,1,0,1,1,29,1,1,5
835,2,4,1,5,1,4,3,6,2,2,1,4,210,0,0,0,0,0,0,0,0,0,0,0,1,0,1,0,1,1,0,1,0,41,0,1,3
836,4,5,4,5,3,3,4,4,5,6,3,6,230,1,0,1,0,0,0,0,0,0,0,0,0,1,0,0,1,1,1,1,1,41,0,2,3
837,4,5,7,5,5,7,5,4,3,7,6,6,270,1,0,0,0,0,0,0,0,0,0,0,0,1,0,0,0,0,1,0,1,30,1,2,3
838,4,6,3,5,2,3,3,4,6,5,3,6,170,1,0,0,0,0,0,0,1,0,0,0,0,0,1,0,0,1,1,1,1,41,1,1,3
839,4,6,2,5,2,4,3,3,6,4,2,5,290,1,0,0,0,0,0,0,0,0,0,0,1,1,0,0,1,1,1,1,1,40,1,1,3
840,3,6,3,4,2,4,3,4,5,6,3,4,250,0,0,0,0,0,0,0,0,0,0,0,1,1,0,0,1,0,1,1,0,37,0,1,3
841,6,7,2,7,2,4,5,6,3,5,3,2,380,1,0,0,0,0,0,0,0,0,0,0,1,0,1,0,0,0,1,0,1,44,0,1,5
842,4,6,4,5,3,3,4,3,3,5,4,6,240,1,0,0,0,0,0,0,0,0,0,0,1,1,0,0,1,0,1,1,1,37,0,1,3
843,3,5,4,5,5,7,3,5,6,5,7,4,210,1,0,0,0,0,0,0,0,0,0,0,0,1,0,0,1,0,0,1,1,25,1,1,5
844,5,6,5,5,4,6,5,4,3,4,4,6,280,1,0,0,0,0,0,0,0,0,0,0,0,1,0,0,0,0,1,0,1,29,0,2,3
845,4,4,5,5,4,6,2,6,5,5,6,6,200,0,0,0,0,0,0,0,0,0,1,0,0,1,0,1,1,0,1,1,1,27,1,1,2
846,4,3,5,3,4,6,2,6,3,5,7,6,140,1,0,0,0,0,0,0,0,0,1,0,0,0,1,1,1,0,1,1,1,25,1,1,1
847,4,4,3,4,3,2,3,2,1,3,2,4,110,1,0,0,0,0,0,0,1,0,0,0,0,1,1,0,1,1,1,1,0,44,0,1,3
848,4,6,4,4,3,4,3,5,1,7,4,4,190,1,0,0,0,0,0,0,0,0,0,0,1,0,1,0,1,1,0,1,0,38,0,1,5
849,3,4,3,4,3,3,3,4,5,2,2,4,300,1,0,0,0,0,0,0,0,0,0,0,1,0,0,0,0,0,1,0,0,40,1,2,3
850,6,5,6,5,4,5,5,4,3,7,6,6,250,1,0,0,0,0,0,0,0,0,0,0,0,1,0,0,1,1,0,1,1,25,1,2,3
851,2,5,1,7,1,4,3,7,2,1,1,1,210,0,0,0,0,0,0,0,0,0,0,0,1,0,1,0,0,0,1,0,1,42,0,1,3
852,5,4,5,1,4,2,3,1,3,4,3,3,210,0,0,0,0,0,0,0,0,0,0,0,1,1,1,1,0,1,1,0,0,42,0,1,4
853,4,3,4,4,4,6,2,4,2,5,7,4,180,0,0,0,0,0,0,0,0,0,1,0,0,1,1,1,1,1,1,1,1,26,1,1,2
854,5,2,2,6,2,1,3,2,2,2,1,4,210,0,0,0,0,0,0,0,0,0,0,0,1,0,0,0,0,0,1,0,1,39,0,2,3
855,5,6,4,4,3,4,5,4,3,7,6,6,350,1,0,0,0,0,0,0,0,0,0,0,0,1,0,0,0,0,1,0,1,36,0,2,3
856,4,7,3,2,3,2,3,1,2,3,3,4,200,1,0,0,1,0,0,0,0,0,0,0,0,0,0,0,0,0,1,0,0,42,0,2,3
857,4,7,4,5,3,4,4,5,1,7,4,4,200,1,0,0,0,0,0,0,0,0,0,0,1,0,1,0,0,0,1,0,0,40,0,1,5
858,2,4,4,1,3,3,3,2,4,2,4,3,150,0,0,0,0,0,0,1,0,0,0,0,0,1,1,1,1,1,1,1,0,34,0,1,3
859,5,4,2,6,2,3,5,5,2,1,1,4,240,0,0,0,0,0,0,0,0,0,0,0,1,0,1,0,1,1,1,1,1,41,1,1,5
860,5,5,6,4,4,4,5,4,6,4,5,4,210,0,0,0,0,0,0,0,1,0,0,0,0,1,1,1,1,1,0,1,1,24,0,1,2
861,4,2,7,4,5,4,4,3,3,3,4,4,160,0,0,0,0,0,0,0,0,0,0,1,0,0,0,0,0,0,1,0,0,33,0,1,3
862,2,7,4,4,3,5,3,6,3,3,3,4,160,0,1,0,0,0,0,0,0,0,0,0,1,0,1,0,0,0,1,0,0,41,1,2,5
863,5,6,6,5,4,4,5,4,6,4,4,5,180,0,0,0,0,0,0,0,1,0,0,0,0,0,0,1,0,0,1,0,0,24,1,1,2
864,1,5,3,1,3,3,3,3,5,2,3,1,220,0,0,0,0,0,0,1,0,0,0,0,0,1,1,0,1,1,1,1,0,39,0,1,4
865,5,1,4,3,4,2,3,1,3,4,4,3,260,1,0,0,1,0,0,0,0,0,0,0,0,0,0,0,0,0,1,0,0,35,1,2,4
866,4,7,4,5,3,5,4,4,3,6,5,7,220,1,0,0,0,0,0,0,0,0,0,0,0,1,0,0,1,1,0,1,1,27,1,2,5
867,3,6,3,3,3,3,3,4,3,2,3,3,270,0,0,0,1,0,0,0,0,0,0,0,0,1,1,0,0,1,1,0,0,43,0,2,4
868,4,7,2,6,2,4,5,6,2,5,3,4,180,0,0,0,0,0,0,0,0,0,0,0,1,0,1,0,0,0,1,0,1,39,0,1,4
869,4,5,6,5,4,6,3,5,3,5,6,4,190,1,0,0,0,0,0,0,0,0,1,0,0,1,1,1,1,1,0,1,1,29,1,1,5
870,5,3,6,2,5,4,5,3,5,5,5,5,200,0,0,0,0,0,0,0,0,0,0,0,1,1,1,1,1,1,1,1,1,24,1,1,2
871,3,5,4,5,3,5,5,7,3,5,6,4,170,0,0,0,0,0,0,0,0,0,1,0,0,1,1,1,1,1,0,0,1,28,1,1,5
872,3,4,5,4,3,6,5,7,4,5,6,4,200,1,0,0,0,0,0,0,0,0,1,0,0,1,1,1,1,0,0,1,1,30,1,1,2
873,4,4,4,4,3,6,2,6,2,6,6,4,130,1,0,0,0,0,0,0,0,0,1,0,0,1,1,1,1,0,0,1,1,27,1,1,5
874,4,4,5,4,3,6,3,6,3,5,6,6,140,1,0,0,0,0,0,0,0,0,1,0,0,1,1,1,1,1,0,0,1,29,1,2,5
875,4,4,6,3,4,5,3,3,2,5,6,4,150,0,0,0,0,0,0,0,0,0,1,0,0,1,1,1,1,0,0,1,1,28,1,1,5
876,4,6,6,5,4,6,5,4,3,5,4,6,200,1,0,0,0,0,0,0,0,0,0,0,0,1,0,0,0,0,1,0,1,35,0,2,4
877,4,3,5,1,4,3,4,1,5,4,3,3,180,1,0,0,0,0,1,0,0,0,0,0,0,1,0,0,1,0,1,1,1,33,0,1,4
878,6,4,2,3,2,2,3,4,5,5,4,3,230,0,0,0,0,0,0,0,0,0,0,0,1,1,1,0,1,1,1,1,1,42,1,1,3
879,3,4,4,5,4,3,3,3,3,3,2,4,100,0,0,0,0,0,0,0,1,0,0,0,0,1,1,0,1,1,1,1,0,41,0,1,3
880,3,3,5,3,4,4,4,3,3,2,3,3,180,0,0,0,0,0,0,1,0,0,0,0,0,1,1,0,1,1,1,1,0,38,0,1,3
881,5,6,7,4,5,7,5,4,4,7,6,7,250,1,0,0,0,0,0,0,0,0,0,0,0,1,0,0,0,0,1,0,1,25,1,2,3
882,5,5,3,5,3,2,3,4,3,4,3,3,220,1,0,0,0,1,0,0,0,0,0,0,0,1,1,0,1,1,1,1,1,40,0,1,3
883,4,4,2,4,2,4,4,5,2,4,3,2,220,1,0,0,0,0,0,0,0,0,0,0,1,0,1,0,0,1,1,0,1,37,0,1,3
884,4,4,7,4,5,3,3,3,3,3,3,4,190,1,0,0,0,0,0,0,0,0,0,0,0,0,0,0,0,0,1,0,0,38,1,2,3
885,5,5,3,4,3,4,5,4,3,6,4,6,310,1,0,0,0,0,0,0,0,0,0,0,0,1,1,0,1,1,1,1,1,35,0,2,4
886,3,6,2,4,2,3,4,5,3,4,2,4,250,0,1,0,0,0,0,0,0,0,0,0,1,0,1,0,1,1,1,1,0,37,1,2,5
887,4,6,4,5,3,5,5,4,3,5,4,6,250,1,0,0,0,0,0,0,0,0,0,0,0,1,0,0,0,1,1,1,1,31,0,2,3
888,4,7,2,1,2,1,3,2,1,3,3,4,200,0,0,0,0,0,0,0,0,0,0,1,0,0,0,0,0,0,1,0,0,39,0,1,3
889,5,6,4,3,3,4,3,3,3,5,3,5,230,1,0,0,0,0,0,0,0,0,0,1,0,1,1,0,1,1,1,1,1,35,0,1,3
890,4,5,3,6,2,3,7,4,3,4,2,4,240,0,0,0,0,0,0,0,0,0,0,0,1,0,1,0,1,1,1,1,1,39,1,1,2
891,4,4,5,4,4,5,5,4,5,5,6,4,180,1,0,0,0,0,0,0,0,0,1,0,0,1,1,0,1,0,0,0,1,25,1,1,5
892,4,3,1,7,2,4,7,6,4,4,1,4,210,0,0,0,0,0,0,0,0,0,0,0,1,0,1,0,1,0,1,0,0,40,1,1,3
893,3,6,4,2,3,4,3,4,2,2,3,3,230,1,0,0,0,1,0,0,0,0,0,0,0,0,1,0,0,0,1,0,1,42,1,1,3
894,4,4,7,4,5,6,6,4,3,7,6,6,250,1,1,0,0,0,0,0,0,0,0,0,0,1,0,0,1,1,1,1,1,32,1,2,5
895,3,5,6,5,4,5,6,5,3,5,5,5,230,1,1,0,0,0,0,0,0,0,0,0,0,0,1,0,0,0,1,0,1,38,0,2,5
896,5,1,5,5,4,3,3,1,1,4,3,4,240,1,0,0,0,0,0,0,0,0,1,0,0,1,0,0,1,0,1,1,1,38,1,1,3
897,3,4,7,3,5,6,6,5,3,7,6,6,280,1,1,0,0,0,0,0,0,0,0,0,0,0,0,0,0,0,1,0,1,31,0,2,4
898,3,1,3,6,3,3,3,3,3,2,2,4,190,0,0,0,0,1,0,0,0,0,0,0,0,1,1,0,0,1,1,0,1,42,1,1,3
899,7,7,5,5,4,5,7,5,3,7,5,7,260,1,0,0,0,0,0,0,0,0,0,0,0,0,0,0,0,0,1,0,1,35,0,2,5
900,5,3,4,6,4,7,2,5,6,5,6,6,190,0,0,0,0,0,0,0,0,0,1,0,0,1,1,1,1,1,0,1,1,28,1,1,5
901,5,1,3,7,2,4,7,6,4,5,3,5,210,1,0,0,0,0,0,0,0,0,0,0,1,0,1,1,1,1,1,1,0,38,1,1,4
902,4,5,3,5,3,5,6,5,3,5,4,6,230,1,0,0,0,0,0,0,0,0,0,0,0,1,1,0,1,1,1,1,1,33,0,2,3
903,7,6,6,5,4,5,7,5,3,7,6,7,340,1,0,0,0,0,0,0,0,0,0,0,0,1,1,0,1,1,0,1,1,33,1,2,4
904,4,6,5,4,3,5,5,5,3,6,5,6,280,1,0,0,0,0,0,0,0,0,0,0,0,1,1,0,1,1,0,1,1,29,1,2,5
905,5,3,5,3,3,5,3,4,2,5,6,4,230,0,0,0,0,0,0,0,0,0,1,0,0,1,1,1,1,0,0,0,1,27,1,1,5
906,6,7,5,5,4,5,7,5,3,7,5,7,230,1,0,0,0,0,0,0,0,0,0,0,0,1,0,0,1,0,1,1,1,26,0,2,3
907,4,5,4,7,4,7,2,7,3,5,6,6,180,1,0,0,0,0,0,0,0,0,1,0,0,1,1,1,1,1,0,1,1,25,1,1,5
908,5,4,5,4,3,5,3,4,2,5,6,4,160,1,0,0,0,0,0,0,0,0,1,0,0,1,1,1,1,0,0,1,1,25,1,1,4
909,3,4,6,3,4,5,5,4,3,5,6,4,130,1,0,0,0,0,0,0,0,0,1,0,0,1,0,0,1,1,1,1,1,27,1,1,5
910,3,4,4,5,3,4,3,4,3,1,1,3,160,0,0,0,0,1,0,0,0,0,0,0,0,1,1,0,1,1,1,1,1,39,0,2,3
911,6,4,6,3,5,3,5,2,7,5,5,4,270,1,0,0,0,0,0,0,0,0,1,0,0,0,0,1,0,0,1,0,1,29,1,1,4
912,4,4,4,4,3,6,3,7,3,5,6,6,250,0,1,0,0,0,0,0,0,0,1,0,0,1,0,1,1,0,1,0,1,25,1,2,5
913,6,6,7,5,5,5,7,5,3,7,6,6,230,1,0,0,0,0,0,0,0,0,0,0,0,0,0,0,0,0,1,0,1,25,0,2,3
914,6,4,7,2,5,4,5,2,6,5,4,5,200,1,0,0,0,0,0,0,0,0,0,0,1,1,1,1,1,1,0,1,1,30,1,1,4
915,4,7,4,5,3,5,5,5,3,5,3,7,320,1,0,0,0,0,0,0,0,0,0,0,0,1,1,0,1,1,1,1,1,36,0,2,3
916,6,4,7,3,5,5,7,4,7,6,5,5,180,0,0,0,0,0,1,0,0,0,0,0,0,1,0,1,1,0,1,1,1,25,1,1,2
917,3,5,4,5,3,3,4,4,4,3,3,5,190,0,0,0,0,1,0,0,0,0,0,0,0,1,1,0,1,1,1,0,0,45,0,1,3
918,4,7,5,5,4,4,3,3,3,6,5,4,150,0,0,0,0,0,0,0,0,0,1,0,0,0,1,1,1,0,1,1,1,30,1,1,5
919,3,5,3,5,2,4,5,6,1,4,3,2,190,1,0,0,0,0,0,0,0,0,0,0,1,0,1,1,1,1,1,1,0,38,1,1,2
920,2,1,1,1,2,2,3,4,6,1,1,4,250,0,0,0,0,0,0,0,0,0,0,0,1,1,1,0,1,1,1,0,1,42,1,2,3
921,4,4,6,4,4,4,3,3,4,4,4,3,220,0,0,0,1,0,0,0,0,0,0,0,0,1,0,0,1,0,1,1,1,39,0,2,2
922,4,7,7,5,4,6,7,5,4,6,6,6,230,1,0,0,0,0,0,0,0,0,0,0,0,1,0,0,1,0,1,1,1,27,1,2,3
923,4,5,1,4,1,3,7,6,2,3,2,4,390,1,1,0,0,0,0,0,0,0,0,0,1,0,1,1,0,0,1,0,0,44,0,1,3
924,3,3,2,4,2,3,4,5,1,5,4,2,190,0,0,0,0,0,0,0,0,0,0,0,1,0,1,1,1,1,1,0,1,42,0,1,2
925,6,1,2,7,3,1,3,3,3,3,1,4,230,0,0,0,1,0,0,0,0,0,0,0,0,0,0,0,0,0,1,0,1,39,0,2,2
926,3,7,1,4,2,4,4,5,1,3,2,4,170,1,0,0,0,0,0,0,0,0,0,0,1,0,1,1,1,1,1,1,0,37,1,1,4
927,4,6,2,5,2,4,7,5,2,5,3,4,250,1,0,0,0,0,0,0,0,0,0,0,1,0,0,0,0,0,1,0,1,35,0,1,4
928,3,1,2,4,2,4,5,7,1,4,3,2,200,0,0,0,0,0,0,0,0,0,0,0,1,0,0,0,0,0,1,0,0,37,1,1,2
929,6,1,7,3,6,5,5,2,5,5,4,5,200,0,0,0,0,0,1,0,0,0,0,0,0,0,1,1,0,1,1,1,0,25,0,1,4
930,3,6,5,4,4,3,3,3,3,1,2,3,200,0,0,0,0,0,0,0,1,0,0,0,0,1,1,0,1,1,1,1,0,40,0,1,3
931,5,2,3,5,3,2,3,2,2,3,2,4,250,0,0,0,0,0,0,0,0,0,0,0,1,0,0,0,0,0,1,0,1,46,0,1,3
932,4,6,6,4,4,6,7,5,3,7,6,6,230,1,0,0,0,0,0,0,0,0,0,0,0,0,0,0,0,0,1,0,1,32,0,2,5
933,1,4,1,4,2,4,5,7,4,1,1,4,190,1,0,0,0,0,0,0,0,0,0,0,1,0,0,0,0,1,1,0,1,39,0,1,3
934,4,6,6,2,4,4,3,3,4,4,3,3,240,0,0,0,1,0,0,0,0,0,0,0,0,1,1,0,1,1,1,1,0,32,0,2,3
935,3,6,5,1,4,4,3,3,4,2,4,3,160,0,0,0,0,0,0,0,0,0,0,0,1,1,1,0,0,0,1,0,1,46,0,2,2
936,4,3,6,4,4,4,3,4,4,3,4,4,150,0,0,0,0,0,1,0,0,0,0,0,0,0,0,0,0,0,1,0,0,38,1,1,2
937,7,6,3,7,2,4,7,5,2,4,2,2,360,1,0,0,0,0,0,0,0,0,0,0,1,0,1,0,1,1,1,1,1,35,0,2,5
938,4,2,6,5,4,6,7,5,3,7,6,6,230,1,0,0,0,0,0,0,0,0,0,0,0,0,0,0,0,0,1,0,1,31,1,2,3
939,5,4,5,4,3,5,4,4,2,5,6,4,170,1,0,0,0,0,0,0,0,0,1,0,0,1,1,1,1,0,1,0,1,26,1,1,2
940,2,3,3,4,2,5,4,5,4,4,4,4,200,0,1,0,0,0,0,0,0,0,0,0,1,0,1,0,1,1,0,1,0,42,0,2,2
941,5,7,1,7,1,3,3,6,6,1,1,4,240,0,0,0,0,0,0,0,0,0,1,0,0,0,1,0,0,1,1,1,1,39,0,1,4
942,4,4,2,5,2,4,3,4,3,4,3,5,230,0,0,0,1,0,0,0,0,0,0,0,0,1,1,0,1,1,1,1,0,45,1,2,4
943,2,1,6,1,5,4,3,2,6,1,4,3,150,0,0,0,0,0,0,0,0,0,0,1,0,1,1,0,1,0,1,0,0,44,0,1,4
944,4,5,2,4,2,4,6,6,1,5,4,2,220,0,1,0,0,0,0,0,0,0,0,0,1,0,1,0,0,1,1,0,0,44,1,2,4
945,5,5,3,5,3,5,7,5,3,5,5,7,210,1,0,0,0,0,0,0,0,0,0,0,0,1,1,0,1,1,1,1,1,35,1,2,5
946,3,4,3,4,2,4,5,4,1,5,4,4,200,0,0,0,0,0,0,0,0,0,0,0,1,0,0,0,1,0,1,1,0,35,1,1,2
947,3,6,5,4,3,3,4,4,6,6,4,5,250,0,0,0,1,0,0,0,0,0,0,0,0,0,0,0,0,1,1,0,1,40,0,1,4
948,3,5,3,5,2,3,3,3,4,4,3,3,170,0,0,0,0,0,0,0,1,0,0,0,0,1,1,0,0,1,1,0,1,44,1,1,3
949,3,4,4,4,3,3,4,3,6,3,4,5,160,0,0,0,0,0,0,0,0,0,0,1,0,0,0,0,0,0,1,0,0,45,1,1,2
950,5,5,1,5,1,3,7,6,4,3,2,4,190,1,1,0,0,0,0,0,0,0,0,0,1,0,0,0,0,0,1,0,0,40,0,2,5
951,4,4,4,4,5,7,4,5,6,5,7,6,250,0,0,0,0,0,0,0,0,0,1,0,0,1,1,1,1,1,1,1,1,25,1,2,5
952,4,6,3,7,2,4,7,6,1,4,2,2,310,1,0,0,0,0,0,0,0,0,0,0,1,0,0,0,0,1,1,0,0,39,0,1,4
953,4,3,4,1,5,6,2,3,3,5,7,4,160,0,0,0,0,0,0,0,0,0,0,1,0,1,1,1,1,1,0,1,1,25,1,1,4
954,4,4,6,4,4,6,3,4,4,5,7,4,220,1,0,0,0,0,0,0,0,0,0,1,0,0,1,0,1,0,0,0,1,25,1,1,5
955,4,3,4,1,3,2,4,1,4,3,4,4,190,0,0,0,0,1,0,0,0,0,0,0,0,1,1,0,1,1,1,1,1,39,0,2,4
956,2,5,4,4,3,3,3,4,2,5,3,4,200,0,0,0,0,1,0,0,0,0,0,0,0,1,1,0,0,0,1,0,1,42,1,1,4
957,5,5,4,6,5,7,2,6,6,5,7,6,230,0,0,0,0,0,0,0,0,0,0,1,0,1,0,0,1,0,0,1,1,27,1,2,5
958,3,4,3,3,3,3,4,4,5,3,3,5,280,0,1,1,0,0,0,0,0,0,0,0,0,0,0,0,0,0,1,0,0,41,1,2,4
959,5,5,3,5,3,1,2,1,2,3,2,4,260,0,0,0,0,0,0,0,0,0,0,0,1,0,0,0,0,0,1,0,0,37,0,2,4
960,5,7,2,7,2,4,5,6,2,5,3,2,330,1,0,0,0,0,0,0,0,0,0,0,1,0,0,0,0,0,1,0,0,30,1,1,3
961,5,4,4,3,4,2,3,3,3,4,4,3,270,0,0,0,0,1,0,0,0,0,0,0,0,0,0,0,0,0,1,0,1,38,0,1,3
962,4,4,7,3,5,4,3,2,3,4,3,4,180,0,0,0,0,0,0,0,1,0,0,0,0,1,0,0,0,1,1,0,1,40,0,1,5
963,3,3,3,2,3,3,3,4,5,1,2,4,170,0,0,0,0,0,0,1,0,0,0,0,0,1,0,0,1,0,1,1,0,39,0,1,2
964,4,6,4,4,3,4,7,5,3,7,4,4,270,1,0,0,0,0,0,0,0,0,0,0,0,0,0,0,0,0,1,0,1,31,1,2,3
965,3,4,7,4,5,4,3,1,2,2,4,3,200,0,0,0,0,0,1,0,0,0,0,0,0,1,0,1,1,0,1,1,1,39,1,1,3
966,4,4,5,3,4,3,3,2,5,4,4,3,170,0,0,0,0,0,1,0,0,0,0,0,0,1,1,1,1,1,1,1,0,38,1,1,2
967,2,6,6,5,4,6,5,4,3,6,5,4,150,1,1,0,0,0,0,0,0,0,0,1,0,1,0,1,1,1,0,0,1,31,1,2,1
968,3,4,3,4,3,3,1,3,4,2,2,4,160,0,0,0,0,0,0,0,0,0,0,1,0,1,1,1,1,1,1,1,0,41,0,1,2
969,5,3,7,2,5,4,6,2,5,5,5,5,110,1,0,0,0,0,1,0,0,0,0,0,0,0,0,1,1,0,1,1,0,25,1,1,4
970,1,4,2,5,2,5,4,6,3,1,1,4,350,1,0,0,0,0,0,0,0,0,0,0,1,0,1,0,1,1,1,1,0,38,0,1,5
971,5,6,3,6,2,3,6,4,2,3,3,4,310,1,0,0,0,0,0,0,0,0,0,0,1,0,0,0,0,1,1,1,0,37,1,1,4
972,4,6,2,6,2,3,6,5,2,1,1,4,320,1,0,0,0,0,0,0,0,0,0,0,1,0,1,0,0,1,1,0,0,37,1,1,5
973,3,3,3,4,2,4,7,5,1,4,4,2,220,1,1,0,0,0,0,0,0,0,0,0,1,0,0,0,1,1,1,1,0,39,0,2,2
974,3,4,3,4,3,4,6,4,1,5,5,3,210,0,0,0,0,0,0,0,0,0,0,0,1,0,1,0,1,1,0,1,1,31,0,1,3
975,6,4,7,4,7,6,7,4,5,5,5,6,150,0,0,0,0,0,0,1,0,0,0,0,0,1,1,1,0,1,1,1,1,31,1,1,4
976,4,3,5,3,4,4,4,4,5,3,4,4,220,0,1,0,0,0,0,0,0,0,0,0,1,1,1,1,0,1,1,1,0,40,1,1,2
977,6,5,5,5,4,5,7,5,3,7,6,7,240,1,0,0,0,0,0,0,0,0,0,0,0,1,0,0,0,1,1,0,1,31,0,2,5
978,7,5,4,4,4,2,4,1,3,4,4,4,270,0,0,0,0,0,0,0,0,0,1,0,0,1,0,0,0,0,1,0,1,33,1,1,2
979,7,5,4,4,3,2,4,3,4,6,5,4,220,0,0,0,1,0,0,0,0,0,0,0,0,1,1,1,1,1,1,1,1,40,1,1,1
980,4,4,6,5,4,6,7,5,4,7,6,7,180,1,0,0,0,0,0,0,0,0,0,0,0,1,0,0,0,0,1,0,1,26,1,2,4
981,2,3,5,3,4,3,4,3,3,3,3,4,240,0,1,0,0,1,0,0,0,0,0,0,0,1,1,1,1,1,1,0,1,46,0,1,2
982,4,7,6,5,4,6,7,4,3,7,6,7,260,1,1,0,0,0,0,0,0,0,0,0,0,1,1,0,1,1,0,1,1,34,1,2,3
983,3,4,3,4,3,2,4,2,5,2,1,3,260,0,1,0,0,0,0,0,0,1,0,0,0,1,0,0,0,0,1,0,0,44,0,2,2
984,3,2,5,4,4,3,3,2,3,3,3,4,140,0,0,0,0,0,0,0,0,0,0,0,1,1,0,0,0,0,1,0,1,41,1,2,1
985,5,6,4,3,3,6,2,7,2,6,6,6,220,1,0,0,0,0,0,0,0,0,0,1,0,0,1,1,1,0,0,0,1,25,1,1,5
986,4,3,3,4,3,4,7,4,3,6,5,5,240,1,0,0,0,0,0,0,0,0,0,0,0,1,0,0,0,0,1,0,1,33,1,2,4
987,5,6,2,5,2,1,4,3,3,3,1,4,210,0,1,0,0,0,0,0,1,0,0,0,0,1,0,1,1,0,1,0,0,40,1,1,2
988,5,5,7,4,6,5,7,3,4,6,5,5,220,1,0,0,0,0,0,0,0,0,1,0,0,1,0,1,0,0,1,0,0,25,0,1,4
989,4,6,4,2,4,6,4,4,2,6,6,4,220,1,0,0,0,0,0,0,0,0,0,1,0,1,1,1,1,0,0,0,1,27,1,1,5
990,3,3,5,3,3,6,3,7,4,5,7,6,180,1,1,0,0,0,0,0,0,0,0,1,0,1,1,1,1,0,0,0,1,29,1,2,5
991,4,1,6,4,4,6,5,5,3,5,6,6,230,1,0,0,0,0,0,0,0,0,0,0,0,1,1,0,1,1,1,0,1,37,1,2,3
992,3,6,5,4,4,4,4,3,3,2,3,3,180,0,0,0,0,0,0,0,0,0,0,1,0,1,1,1,1,1,1,1,0,41,1,1,2
993,5,7,7,3,5,4,7,3,4,5,5,5,240,1,0,0,0,0,1,0,0,0,0,0,0,1,0,1,0,0,1,0,1,24,0,1,4
994,4,7,5,2,3,6,2,6,2,5,6,4,210,1,0,0,0,0,0,0,0,0,0,1,0,1,1,0,1,1,0,1,1,25,1,2,5
995,3,7,6,3,4,6,5,4,3,5,6,4,170,1,1,0,0,0,0,0,0,0,0,1,0,1,1,1,1,1,0,1,1,30,1,2,5
996,4,5,4,5,3,5,5,4,3,6,5,6,320,1,1,0,0,0,0,0,0,0,0,0,0,1,1,0,0,0,1,0,1,37,0,2,4
997,3,7,2,7,2,4,6,5,1,5,2,5,200,1,0,0,0,0,0,0,0,0,0,0,0,0,0,0,1,1,1,1,1,36,0,1,5
998,4,5,2,6,2,4,7,7,2,4,3,5,200,0,0,0,0,0,0,0,0,0,0,0,0,0,1,0,1,1,1,0,1,40,0,1,5
999,3,1,5,1,4,4,4,3,4,2,4,3,180,0,0,0,0,0,0,0,0,0,0,1,0,1,0,0,0,0,1,0,1,39,0,1,1
1000,5,1,5,6,3,4,7,4,3,7,5,5,290,1,0,0,0,0,0,0,0,0,0,0,0,1,1,0,1,1,0,1,1,29,1,1,3
